Binary Obfuscation (branch function, high overhead);nr_indirect_edges_CFIM_static;0.0,0.0,0.0,0.0,0.0,0.0,0.0,0.0,0.0,0.0,0.0,0.0,0.0,0.0,0.0,0.0,0.0,0.0,0.0,0.0,0.0,0.0,0.0,0.0,0.0,0.0,0.0,0.0,0.0,0.0,0.0,0.0,0.0,0.0,0.0,0.0,0.0,0.0,0.0,0.0,0.0,0.0,0.0,0.0,0.0,0.0,0.0,0.0,0.0
Binary Obfuscation (branch function, high overhead);nr_ins_static;-2.0750322889328784E-16,7.670452238712189E-14,5.3120243923246666E-11,7.301693630257754E-9,-5.587527555399254E-9,1.0579922181379554E-21,-2.189837692904271E-21,-1.3270499098975548E-22,-8.755771858293923E-27,-2.717622353278295E-13,-8.16138991622262E-11,-1.5552202126275193E-8,1.7703057677176826E-8,-9.967136460317345E-14,-6.507041885084086E-12,-2.9549457817090795E-10,-5.557879798371527E-9,-1.2780544520610246E-13,-1.7364655453799003E-10,-1.5160753229215285E-7,-5.593889330912649E-9,2.947457173770897E-13,2.9517960145798326E-10,1.681516545977771E-7,-5.06788726233737E-9,2.4343766928380583E-13,4.981778334887737E-10,1.1173355110344175E-7,1.7647897021909404E-10,0.0,0.0,0.0,0.0,0.0,0.0,0.0,0.0,0.0,0.0,0.0,0.0,0.0,0.0,0.0,0.0,0.0,0.0,0.0,0.0
Binary Obfuscation (branch function, high overhead);nr_src_oper_static;8.564811426893166E-16,1.0771205180629617E-12,4.6540472723168524E-10,3.824847822316078E-8,-5.65306099805827E-9,6.118075263062681E-22,1.6950858813348343E-20,-3.7887119009661393E-22,-1.7320535925922333E-26,-1.6491301905136964E-12,-5.520208464379698E-10,-1.0894999543623225E-7,2.1022533472814416E-8,-6.70080848944255E-13,-4.6899970422755865E-11,-2.2164236436981593E-9,-4.834902980543421E-8,-2.809732400857969E-13,-1.1221118874848394E-9,-1.097623704422561E-6,-5.062970860606115E-9,2.5921693141990684E-12,2.1424532981091123E-9,1.1542019152559549E-6,-5.450337789205946E-9,3.4024280466829607E-12,4.267509365599631E-9,1.0860665669844273E-7,1.7516008187178067E-10,0.0,0.0,0.0,0.0,0.0,0.0,0.0,0.0,0.0,0.0,0.0,0.0,0.0,0.0,0.0,0.0,0.0,0.0,0.0,0.0
Binary Obfuscation (branch function, high overhead);halstead_program_size_static;-6.84636446661225E-16,2.4936385880822494E-13,1.7309281339284897E-10,2.3352926193406613E-8,-1.7872343593679056E-8,2.016137073261637E-21,-6.666295005533114E-21,-3.2952415999935907E-22,-9.704500230513715E-26,-8.928222658294019E-13,-2.6805886812045264E-10,-5.107955183608279E-8,5.539163482537121E-8,-3.2734126939413683E-13,-2.1367746029037998E-11,-9.70340354114886E-10,-1.8255779244314048E-8,-4.2183595079685143E-13,-5.715076375537834E-10,-4.984403150706807E-7,-1.725851093102842E-8,9.652896186963684E-13,9.67516781027035E-10,5.512332534388098E-7,-1.564061097043129E-8,7.924401878399647E-13,1.622682693258376E-9,3.4764104090470707E-7,5.503342746488273E-10,0.0,0.0,0.0,0.0,0.0,0.0,0.0,0.0,0.0,0.0,0.0,0.0,0.0,0.0,0.0,0.0,0.0,0.0,0.0,0.0
Binary Obfuscation (branch function, high overhead);cyclomatic_complexity_static;4.323879301639524E-16,-1.2064928361614215E-13,-8.584823404712409E-11,-6.800127360084524E-9,-6.740951214039589E-10,-2.6673041807771485E-21,8.349385138915437E-21,2.92242090472642E-22,2.9584131138881395E-26,5.224157830298668E-13,1.5612321644043746E-10,2.974277540847037E-8,2.77363692504116E-9,1.9034423530622674E-13,1.2396292760663487E-11,5.63017544756467E-10,1.0659167211543474E-8,2.6804832686631303E-13,3.454860437091866E-10,2.9553913260665097E-7,-6.983142963034258E-10,-5.317617320744092E-13,-5.418081950268719E-10,-3.095711317919656E-7,-2.8838064725134375E-10,-3.840825249921159E-13,-7.9785369274325E-10,6.659069474668521E-9,1.8739139037786055E-11,0.0,0.0,0.0,0.0,0.0,0.0,0.0,0.0,0.0,0.0,0.0,0.0,0.0,0.0,0.0,0.0,0.0,0.0,0.0,0.0
Binary Obfuscation (branch function, high overhead);nr_edges_static;1.2581660008816826E-15,-3.4719604657664126E-13,-2.4767641187681744E-10,-1.9061793799028367E-8,-2.756276012606812E-9,-3.4098864954166106E-21,3.087417694111195E-20,8.573216295083182E-22,-3.1748084027332666E-25,1.51638854036625E-12,4.53097313872127E-10,8.631658165205976E-8,1.0325820030455696E-8,5.523860270639876E-13,3.597150558524622E-11,1.6337484822647059E-9,3.0934041966206374E-8,7.801245711828599E-13,1.0039170262273068E-9,8.582369533391768E-7,-3.003137947583869E-9,-1.540299423353028E-12,-1.5703060082617262E-9,-8.973051852110073E-7,-1.7236127052599787E-9,-1.107095169934531E-12,-2.3010438339179514E-9,4.003828136497918E-8,8.321080294984105E-11,0.0,0.0,0.0,0.0,0.0,0.0,0.0,0.0,0.0,0.0,0.0,0.0,0.0,0.0,0.0,0.0,0.0,0.0,0.0,0.0
Binary Obfuscation (branch function, high overhead);nr_dst_oper_static;7.267326107307568E-16,-1.8471074587742872E-13,-1.3276806968780677E-10,-7.499916478847677E-9,-6.2827366140687105E-9,4.527007896843719E-21,1.5838285744050046E-20,3.3596781629782446E-22,2.459005413811562E-25,8.577644370657559E-13,2.559449543135688E-10,4.874774630399953E-8,1.7054005519508315E-8,3.119006551875924E-13,2.029652537719948E-11,9.217636761361362E-10,1.747084372961602E-8,4.513602568707988E-13,5.73182580608011E-10,4.87369470291571E-7,-6.208730998983193E-9,-8.55669508861801E-13,-8.767484269463227E-10,-5.014049246710242E-7,-5.034013986977598E-9,-5.885634397541573E-13,-1.2295617946143803E-9,1.2314162895966922E-7,1.8947913087301562E-10,0.0,0.0,0.0,0.0,0.0,0.0,0.0,0.0,0.0,0.0,0.0,0.0,0.0,0.0,0.0,0.0,0.0,0.0,0.0,0.0
Call Stack Checks;nr_indirect_edges_CFIM_static;0.0,0.0,0.0,0.0,0.0,0.0,0.0,0.0,0.0,0.0,0.0,0.0,0.0,0.0,0.0,0.0,0.0,0.0,0.0,0.0,0.0,0.0,0.0,0.0,0.0,0.0,0.0,0.0,0.0,0.0,0.0,0.0,0.0,0.0,0.0,0.0,0.0,0.0,0.0,0.0,0.0,0.0,0.0,0.0,0.0,0.0,0.0,0.0,0.0
Call Stack Checks;nr_ins_static;-2.6327957959106386E-16,8.938092090625114E-14,6.39334117242281E-11,8.055165778700964E-9,-5.451182071572946E-9,8.685983757116396E-22,-1.5219549108981273E-21,1.2658699522584149E-23,-1.7095682052710098E-26,-3.39190982848488E-13,-1.0174582977601212E-10,-1.9385269917071568E-8,1.8311428406241927E-8,-1.2421366284936186E-13,-8.104747064308158E-12,-3.6803217481415763E-10,-6.928295404344444E-9,-1.6275763166736073E-13,-2.1843259762702194E-10,-1.898269662388083E-7,-5.4819868392858495E-9,3.628518167854439E-13,3.6469177665886363E-10,2.0787662160896836E-7,-4.990772215092941E-9,2.917140423664854E-13,5.985301836401377E-10,1.0706779117307334E-7,1.7340298804433216E-10,0.0,0.0,0.0,0.0,0.0,0.0,0.0,0.0,0.0,0.0,0.0,0.0,0.0,0.0,0.0,0.0,0.0,0.0,0.0,0.0
Call Stack Checks;nr_src_oper_static;-1.22322790429506E-15,3.532324493405439E-13,2.570574600678464E-10,2.3888191193075165E-8,-5.990295363802849E-9,-1.4200356488046789E-21,-2.0501272117792953E-20,4.2145895668136163E-22,3.4322774997572564E-25,-1.505185641037971E-12,-4.502505985134683E-10,-8.577157056040979E-8,2.1156921126868396E-8,-5.491488500168074E-13,-3.5781309418846785E-11,-1.6249419598762257E-9,-3.0703431137460565E-8,-7.588918425445283E-13,-9.884511563108283E-10,-8.490914510175807E-7,-5.459990142558306E-9,1.5531093732521347E-12,1.5763671017901147E-9,9.000689026369274E-7,-5.545117025490889E-9,1.157069347363183E-12,2.394189319329898E-9,1.122619502091316E-7,1.844418873028078E-10,0.0,0.0,0.0,0.0,0.0,0.0,0.0,0.0,0.0,0.0,0.0,0.0,0.0,0.0,0.0,0.0,0.0,0.0,0.0,0.0
Call Stack Checks;halstead_program_size_static;-8.410153997676706E-16,2.9948976338466707E-13,2.0362034550009805E-10,2.5526003224064352E-8,-1.7541202882310602E-8,-3.252374503156834E-21,-2.3149965324902222E-20,-2.7711793362870734E-22,3.1076178447932715E-25,-1.0824303969032087E-12,-3.2467377997912213E-10,-6.185892614482026E-8,5.738216272261308E-8,-3.9636081533666466E-13,-2.5861185646647986E-11,-1.1743468983436544E-9,-2.2109438790733106E-8,-5.199502156587024E-13,-6.973542238591446E-10,-6.058788887090827E-7,-1.700126122630881E-8,1.1570693467940827E-12,1.163171157638344E-9,6.630387929563997E-7,-1.547002605347108E-8,9.288331731436964E-13,1.9060643038009773E-9,3.361852293459519E-7,5.432534282178488E-10,0.0,0.0,0.0,0.0,0.0,0.0,0.0,0.0,0.0,0.0,0.0,0.0,0.0,0.0,0.0,0.0,0.0,0.0,0.0,0.0
Call Stack Checks;cyclomatic_complexity_static;4.459520779214688E-16,-1.2062203020621167E-13,-8.858968900200997E-11,-6.983534733405895E-9,-7.242685454945052E-10,2.8144934975123356E-21,1.0238725778358038E-20,3.184933832843097E-22,5.032721387735894E-26,5.396533266238508E-13,1.6126412211420093E-10,3.072154804419162E-8,2.6738899545786384E-9,1.9660878494225335E-13,1.2804196439062211E-11,5.815371815162881E-10,1.1009160852076778E-8,2.7700169728527957E-13,3.5693917067396074E-10,3.0530525459132986E-7,-7.399221463440266E-10,-5.491488500494811E-13,-5.595306267020906E-10,-3.1969961557552296E-7,-3.1833946313173023E-10,-3.96360815629073E-13,-8.232869490509044E-10,8.126709488135857E-9,1.9936473713448303E-11,0.0,0.0,0.0,0.0,0.0,0.0,0.0,0.0,0.0,0.0,0.0,0.0,0.0,0.0,0.0,0.0,0.0,0.0,0.0,0.0
Call Stack Checks;nr_edges_static;1.2265146804371814E-15,-3.2938138894147283E-13,-2.4210251219707363E-10,-1.868570680102461E-8,-2.6780414562545707E-9,-1.0061630839593795E-21,3.157100043620868E-20,7.281817455394705E-22,-2.611400909668826E-25,1.481478360599841E-12,4.426584846537E-10,8.432879123858729E-8,1.0479279111225647E-8,5.39653326624678E-13,3.514309024945726E-11,1.5961360646579161E-9,3.0223084832316205E-8,7.619462263148882E-13,9.806673493624816E-10,8.384071789437411E-7,-2.9295922723136705E-9,-1.5051856411157259E-12,-1.5343134141649813E-9,-8.767307007812638E-7,-1.6738798075588066E-9,-1.0824303976956478E-12,-2.2493413643104608E-9,3.7169189770733256E-8,8.130641510465309E-11,0.0,0.0,0.0,0.0,0.0,0.0,0.0,0.0,0.0,0.0,0.0,0.0,0.0,0.0,0.0,0.0,0.0,0.0,0.0,0.0
Call Stack Checks;nr_dst_oper_static;6.454920836256992E-16,-1.5772319408380401E-13,-1.1737072201863242E-10,-6.417353753430943E-9,-6.099725453412915E-9,-2.512178177233259E-21,1.424597683691776E-20,2.610919953514647E-22,-7.533865437240358E-27,7.619462262867641E-13,2.2732264810156467E-10,4.329791429232878E-8,1.7913813209018397E-8,2.7700169727680096E-13,1.8024870819910406E-11,8.186272355945637E-10,1.5522287737682007E-8,4.0169925823389493E-13,5.095295296213078E-10,4.3303952814658514E-7,-6.05928425045487E-9,-7.588918424593287E-13,-7.778877200398344E-10,-4.449067308584173E-7,-4.934136818741941E-9,-5.199502159018935E-13,-1.086655197925614E-9,1.168554879646855E-7,1.8540855309686664E-10,0.0,0.0,0.0,0.0,0.0,0.0,0.0,0.0,0.0,0.0,0.0,0.0,0.0,0.0,0.0,0.0,0.0,0.0,0.0,0.0
Binary Obfuscation (flatten function, high overhead);nr_indirect_edges_CFIM_static;0.0,0.0,0.0,0.0,0.0,0.0,0.0,0.0,0.0,0.0,0.0,0.0,0.0,0.0,0.0,0.0,0.0,0.0,0.0,0.0,0.0,0.0,0.0,0.0,0.0,0.0,0.0,0.0,0.0,0.0,0.0,0.0,0.0,0.0,0.0,0.0,0.0,0.0,0.0,0.0,0.0,0.0,0.0,0.0,0.0,0.0,0.0,0.0,0.0
Binary Obfuscation (flatten function, high overhead);nr_ins_static;-2.8901461941124026E-16,1.0279523778358401E-13,7.108044197895974E-11,8.752345922774692E-9,-5.889975979750275E-9,2.5696072019158237E-21,-7.491178830973056E-21,-8.062484469043422E-23,-3.6313123432408037E-26,-3.7956127275226187E-13,-1.1392568875066928E-10,-2.1704298016613985E-8,2.1395263981869358E-8,-1.3914207342483701E-13,-9.073783201745804E-12,-4.120077144223851E-10,-7.75297017454853E-9,-1.8222493060014565E-13,-2.4502481281056055E-10,-2.127937590379672E-7,-5.8946529515999015E-9,4.0558176740430557E-13,4.075943297019059E-10,2.323422517583676E-7,-5.3152043590711006E-9,3.257277523095056E-13,6.650805342010336E-10,1.1159843680085415E-7,1.8659824661819327E-10,0.0,0.0,0.0,0.0,0.0,0.0,0.0,0.0,0.0,0.0,0.0,0.0,0.0,0.0,0.0,0.0,0.0,0.0,0.0,0.0
Binary Obfuscation (flatten function, high overhead);nr_src_oper_static;-1.2244198386724728E-15,3.7675169050917376E-13,2.639048548817174E-10,2.458127564933005E-8,-6.613102474713217E-9,1.4814053349304289E-21,-3.2030460730072E-20,-8.445617171190456E-22,2.9935015999797334E-25,-1.540956110542696E-12,-4.613673670676316E-10,-8.789229832785114E-8,2.5117572493638714E-8,-5.629794311266806E-13,-3.666803268332443E-11,-1.6651963903075725E-9,-3.145560346749657E-8,-7.737471276452509E-13,-1.012427476881187E-9,-8.700671181079839E-7,-6.043906646357555E-9,1.5936572130440137E-12,1.6158587736856583E-9,9.225373261145808E-7,-6.0071004419110126E-9,1.194985549360268E-12,2.457759676936192E-9,1.1796384127577952E-7,2.0336537496310823E-10,0.0,0.0,0.0,0.0,0.0,0.0,0.0,0.0,0.0,0.0,0.0,0.0,0.0,0.0,0.0,0.0,0.0,0.0,0.0,0.0
Binary Obfuscation (flatten function, high overhead);halstead_program_size_static;-9.145855323635714E-16,3.2436456859114866E-13,2.2470613959532702E-10,2.7618909217324347E-8,-1.9041869194500252E-8,-2.0163889418207027E-22,-3.019975093253814E-20,2.6398704126130926E-23,-1.2204854012588124E-25,-1.2007138715845444E-12,-3.603880111019707E-10,-6.865821651860261E-8,6.751320568093924E-8,-4.4015398047468496E-13,-2.870317249205362E-11,-1.3033047566651324E-9,-2.4525167175099352E-8,-5.76662408572123E-13,-7.752278238361905E-10,-6.731972682985643E-7,-1.8410620821211667E-8,1.2827073878712575E-12,1.2891576362799727E-9,7.348702511893179E-7,-1.658140671084241E-8,1.0296414146508954E-12,2.1024465279295148E-9,3.509461582945365E-7,5.885789593744082E-10,0.0,0.0,0.0,0.0,0.0,0.0,0.0,0.0,0.0,0.0,0.0,0.0,0.0,0.0,0.0,0.0,0.0,0.0,0.0,0.0
Binary Obfuscation (flatten function, high overhead);cyclomatic_complexity_static;4.352952359396042E-16,-1.1505807367878558E-13,-8.939990702085271E-11,-7.077877303339025E-9,-5.977841493057039E-10,2.7104780223691443E-22,4.602705152329013E-21,-6.349393940404528E-23,8.499248556102714E-26,5.427877595785195E-13,1.623694721619863E-10,3.0934068502874474E-8,1.900352644858402E-9,1.9804734538843783E-13,1.2893264629626893E-11,5.855861545668466E-10,1.1083945008801818E-8,2.7730732216410197E-13,3.592065765324623E-10,3.073924663297349E-7,-6.151254162380909E-10,-5.538804683390949E-13,-5.63599442564159E-10,-3.219928068586551E-7,-2.1941072108540993E-10,-4.0299006030617173E-13,-8.307615230784692E-10,6.8393817455212415E-9,1.5962994751482496E-11,0.0,0.0,0.0,0.0,0.0,0.0,0.0,0.0,0.0,0.0,0.0,0.0,0.0,0.0,0.0,0.0,0.0,0.0,0.0,0.0
Binary Obfuscation (flatten function, high overhead);nr_edges_static;1.1909992761823194E-15,-3.115332262134213E-13,-2.427784101486787E-10,-1.875965476936522E-8,-2.5519712248721425E-9,7.307407784625514E-21,1.4780649750795682E-20,-3.482895222286663E-22,-2.780669733200263E-26,1.481781042223116E-12,4.432026130032936E-10,8.443896218414165E-8,9.711588258822976E-9,5.405584816323267E-13,3.518923325600979E-11,1.5982607006467568E-9,3.026149543854128E-8,7.587954964626512E-13,9.81520466157761E-10,8.394718838075112E-7,-2.8047937200128604E-9,-1.5092991527252184E-12,-1.5365705107259248E-9,-8.779493048168691E-7,-1.576033562350151E-9,-1.0935033324976087E-12,-2.2553761703509022E-9,3.5874383080298175E-8,7.735246223245805E-11,0.0,0.0,0.0,0.0,0.0,0.0,0.0,0.0,0.0,0.0,0.0,0.0,0.0,0.0,0.0,0.0,0.0,0.0,0.0,0.0
Binary Obfuscation (flatten function, high overhead);nr_dst_oper_static;5.988489261498879E-16,-1.5466159159674666E-13,-1.1027889782297004E-10,-5.714712366869249E-9,-6.538790726809494E-9,-2.6604370045317476E-21,1.002589392627633E-20,2.460970164684641E-22,2.582665687944358E-26,7.198035129693824E-13,2.1490504510808292E-10,4.0938379900564044E-8,2.100036916618305E-8,2.6196752455080713E-13,1.7038643424145078E-11,7.738993494624296E-10,1.4683406491530033E-8,3.793096500388873E-13,4.822244666509209E-10,4.0966360964882903E-7,-6.472061211233119E-9,-7.165315943670807E-13,-7.342954686966253E-10,-4.200093275154304E-7,-5.259101898056045E-9,-4.910718890669775E-13,-1.020393686477258E-9,1.2138388021517367E-7,1.9861533734163818E-10,0.0,0.0,0.0,0.0,0.0,0.0,0.0,0.0,0.0,0.0,0.0,0.0,0.0,0.0,0.0,0.0,0.0,0.0,0.0,0.0
Binary Obfuscation (branch function, low overhead);nr_indirect_edges_CFIM_static;0.0,0.0,0.0,0.0,0.0,0.0,0.0,0.0,0.0,0.0,0.0,0.0,0.0,0.0,0.0,0.0,0.0,0.0,0.0,0.0,0.0,0.0,0.0,0.0,0.0,0.0,0.0,0.0,0.0,0.0,0.0,0.0,0.0,0.0,0.0,0.0,0.0,0.0,0.0,0.0,0.0,0.0,0.0,0.0,0.0,0.0,0.0,0.0,0.0
Binary Obfuscation (branch function, low overhead);nr_ins_static;-2.2996240772641595E-16,1.5242178894668567E-13,9.304503135533729E-11,1.0092456883588211E-8,-5.649491911097074E-9,1.0711339964058596E-21,-6.971848306921142E-21,-4.067752672727568E-23,-2.253281801510179E-25,-4.680741631660925E-13,-1.4373115988607952E-10,-2.7582946785886624E-8,1.8437085595431404E-8,-1.7358951210868863E-13,-1.1485796907071015E-11,-5.242704249602267E-10,-9.93092238242674E-9,-2.013105646313181E-13,-3.0833596721768726E-10,-2.7232730092068697E-7,-5.571491607046092E-9,5.411646850908926E-13,5.20882437256596E-10,2.945779855210648E-7,-5.174630333479465E-9,4.964744386593768E-13,8.705050768050427E-10,1.077396264691921E-7,1.7898092732743356E-10,0.0,0.0,0.0,0.0,0.0,0.0,0.0,0.0,0.0,0.0,0.0,0.0,0.0,0.0,0.0,0.0,0.0,0.0,0.0,0.0
Binary Obfuscation (branch function, low overhead);nr_src_oper_static;-6.101001326223276E-16,8.036463876325364E-13,4.655119676900099E-10,6.102569639768532E-8,-8.023322871375266E-9,1.905210294656277E-21,-1.1577623013204067E-21,-2.6288432638213425E-22,9.890956070787865E-25,-1.6293758961537557E-12,-5.302564667616292E-10,-1.0726725690492472E-7,3.569861512230403E-8,-6.357792307769643E-13,-4.5079091156514604E-11,-2.2655386717251787E-9,-6.03474857744442E-8,-4.637248418171812E-13,-1.0145384794440254E-9,-1.0204493958191826E-6,-7.586722198849082E-9,2.133149077530707E-12,1.937863193877113E-9,1.039140708456593E-6,-7.41820501593438E-9,2.48424107800043E-12,4.01242506959133E-9,1.0820084983901841E-7,2.5893355060002725E-10,0.0,0.0,0.0,0.0,0.0,0.0,0.0,0.0,0.0,0.0,0.0,0.0,0.0,0.0,0.0,0.0,0.0,0.0,0.0,0.0
Binary Obfuscation (branch function, low overhead);halstead_program_size_static;-7.124361738498425E-16,4.730764872209528E-13,2.887437876535596E-10,3.140655943840477E-8,-1.8017076107088026E-8,-6.716491159140854E-21,-5.018482338739188E-21,-9.47870594008524E-22,-1.2288672029085895E-24,-1.451259290631474E-12,-4.456503581215369E-10,-8.55236411548884E-8,5.753465054391966E-8,-5.382328260665483E-13,-3.561347046339402E-11,-1.6255833860601078E-9,-3.079183285268922E-8,-6.238020801411911E-13,-9.558076780879512E-10,-8.442834920630027E-7,-1.7185726839882842E-8,1.6784336388471042E-12,1.6153994598683448E-9,9.135548793386128E-7,-1.593423566394669E-8,1.540659177399094E-12,2.701534059689403E-9,3.375714590810516E-7,5.565899268628521E-10,0.0,0.0,0.0,0.0,0.0,0.0,0.0,0.0,0.0,0.0,0.0,0.0,0.0,0.0,0.0,0.0,0.0,0.0,0.0,0.0
Binary Obfuscation (branch function, low overhead);cyclomatic_complexity_static;2.7769725789718817E-16,-1.5477034820743818E-13,-9.446669543416378E-11,-7.0876256892957255E-9,-6.727436421845567E-10,1.658098896073789E-21,3.92515129171467E-21,3.264973020721002E-23,2.9514748575108746E-25,5.230265186490592E-13,1.6013310259493558E-10,3.07274178924731E-8,2.6835031702518984E-9,1.9321711573232962E-13,1.2766304361678503E-11,5.827942783246435E-10,1.1084779832301074E-8,2.381679551767043E-13,3.5124754026651574E-10,3.065676256765442E-7,-7.060692840251212E-10,-5.840362273685209E-13,-5.669593035688175E-10,-3.2114292109548977E-7,-2.8401705638757876E-10,-5.050644146296851E-13,-8.793791117767069E-10,7.739157222888039E-9,1.8559402077126827E-11,0.0,0.0,0.0,0.0,0.0,0.0,0.0,0.0,0.0,0.0,0.0,0.0,0.0,0.0,0.0,0.0,0.0,0.0,0.0,0.0
Binary Obfuscation (branch function, low overhead);nr_edges_static;7.185937178431689E-16,-3.9642695516971123E-13,-2.421531740919875E-10,-1.7689081978513157E-8,-2.815980544713492E-9,4.421915777279127E-21,1.1169401006135288E-20,1.3780570255182003E-22,6.001614244123137E-25,1.3479988406893977E-12,4.1264737798830226E-10,7.91818351190618E-8,1.0690431435475176E-8,4.978748709299355E-13,3.289329806372745E-11,1.5016318237920513E-9,2.8568844516257356E-8,6.156651042329953E-13,9.061974377739389E-10,7.904266362780341E-7,-3.001783038621337E-9,-1.502366729588891E-12,-1.4591343358948292E-9,-8.265729485195696E-7,-1.7972587318438075E-9,-1.2948024824178038E-12,-2.253500593395126E-9,3.761566382377557E-8,8.52560657495488E-11,0.0,0.0,0.0,0.0,0.0,0.0,0.0,0.0,0.0,0.0,0.0,0.0,0.0,0.0,0.0,0.0,0.0,0.0,0.0,0.0
Binary Obfuscation (branch function, low overhead);nr_dst_oper_static;3.1612090364239793E-16,-1.52817090188289E-13,-9.348244734994361E-11,-4.039867541297433E-9,-6.36255296257264E-9,5.7781599007391885E-22,-2.6135275400762175E-21,-2.8008668507339068E-22,4.045927509256444E-25,5.623118929784282E-13,1.7175081420176778E-10,3.294789297024047E-8,1.8042752087255986E-8,2.070933078415082E-13,1.3666978424772874E-11,6.238902325381694E-10,1.1893220780824845E-8,2.672915697821777E-13,3.8337167992600593E-10,3.315659488538694E-7,-6.1797248020840564E-9,-6.104101069999764E-13,-5.967582605184669E-10,-3.3844329909264725E-7,-5.170679930025673E-9,-5.008669822628319E-13,-8.660702239125426E-10,1.178380913560996E-7,1.9271902764924013E-10,0.0,0.0,0.0,0.0,0.0,0.0,0.0,0.0,0.0,0.0,0.0,0.0,0.0,0.0,0.0,0.0,0.0,0.0,0.0,0.0
Binary Obfuscation (flatten function, low overhead);nr_indirect_edges_CFIM_static;0.0,0.0,0.0,0.0,0.0,0.0,0.0,0.0,0.0,0.0,0.0,0.0,0.0,0.0,0.0,0.0,0.0,0.0,0.0,0.0,0.0,0.0,0.0,0.0,0.0,0.0,0.0,0.0,0.0,0.0,0.0,0.0,0.0,0.0,0.0,0.0,0.0,0.0,0.0,0.0,0.0,0.0,0.0,0.0,0.0,0.0,0.0,0.0,0.0
Binary Obfuscation (flatten function, low overhead);nr_ins_static;-2.61583764247526E-16,1.3545706127957561E-13,8.738436868060224E-11,9.99811969771159E-9,-5.803813821382434E-9,1.4331890098392542E-23,-5.205989215933172E-21,2.0530247617155763E-23,-1.4514452616691522E-25,-4.609291858400614E-13,-1.4054721198569057E-10,-2.6919523024755698E-8,1.927621883911646E-8,-1.7055578083213346E-13,-1.1220364507648617E-11,-5.11577817825768E-10,-9.685452797203106E-9,-2.1293386398766675E-13,-3.0498442413067503E-10,-2.6585058871160527E-7,-5.740892516510848E-9,5.09643757747189E-13,5.038709487032589E-10,2.876886255184438E-7,-5.3028492985471775E-9,4.339172924813692E-13,8.13714979403489E-10,1.0750426164166168E-7,1.8456652065393272E-10,0.0,0.0,0.0,0.0,0.0,0.0,0.0,0.0,0.0,0.0,0.0,0.0,0.0,0.0,0.0,0.0,0.0,0.0,0.0,0.0
Binary Obfuscation (flatten function, low overhead);nr_src_oper_static;-9.41875374266982E-16,4.352196790256502E-13,2.8219113413392083E-10,2.6035586688655113E-8,-6.427496004944404E-9,-8.132799269221281E-21,-3.486617606764436E-20,-4.659938821546427E-22,-2.0420317416499168E-25,-1.5884612579787126E-12,-4.834318671406295E-10,-9.258458227618012E-8,2.2431837003080834E-8,-5.8628014124633E-13,-3.853382139947165E-11,-1.7570066991916337E-9,-3.3348406279552854E-8,-7.599347660089324E-13,-1.0645009728743585E-9,-9.20822945573406E-7,-5.794532207154695E-9,1.7155626227100748E-12,1.7064601803422645E-9,9.75410767594699E-7,-5.915423790113137E-9,1.3972437013120102E-12,2.618115515739248E-9,1.1296850269546816E-7,1.9820110566667269E-10,0.0,0.0,0.0,0.0,0.0,0.0,0.0,0.0,0.0,0.0,0.0,0.0,0.0,0.0,0.0,0.0,0.0,0.0,0.0,0.0
Binary Obfuscation (flatten function, low overhead);halstead_program_size_static;-8.237844407041658E-16,4.2575097044090927E-13,2.750919705280018E-10,3.14548659387519E-8,-1.8679684585264957E-8,-3.1635062752454185E-21,-1.9628477323440074E-20,2.149253440017878E-22,1.4019724748458744E-25,-1.4513474185134924E-12,-4.425440927257419E-10,-8.476202432799139E-8,6.059115434484553E-8,-5.370316394358724E-13,-3.532961912744572E-11,-1.6108072996320172E-9,-3.049679118570167E-8,-6.705548065624177E-13,-9.603595589159164E-10,-8.371099096994572E-7,-1.7847011729793874E-8,1.6046114301457888E-12,1.586467382031604E-9,9.058078535087444E-7,-1.646708500650405E-8,1.3659908991226716E-12,2.5616014259175228E-9,3.376972474910877E-7,5.792596054547911E-10,0.0,0.0,0.0,0.0,0.0,0.0,0.0,0.0,0.0,0.0,0.0,0.0,0.0,0.0,0.0,0.0,0.0,0.0,0.0,0.0
Binary Obfuscation (flatten function, low overhead);cyclomatic_complexity_static;3.2705468873731334E-16,-1.4711180075745267E-13,-9.265267782570947E-11,-7.35476195142704E-9,-5.860389169563723E-10,2.1229049942237744E-21,9.783552557661464E-21,-2.8994437807092534E-22,1.6009676705979154E-25,5.399462039720762E-13,1.643703595576704E-10,3.149498293111478E-8,2.3395445252453887E-9,1.9919594422733217E-13,1.3097568755647407E-11,5.974068058961096E-10,1.1362755790328438E-8,2.631298208605885E-13,3.6480225548021147E-10,3.143945098190294E-7,-6.213589098296582E-10,-5.763147804165684E-13,-5.755258310700708E-10,-3.292740763936094E-7,-2.0180039473194475E-10,-4.578472852512911E-13,-8.57774408806682E-10,7.755454103873912E-9,1.5453292713562233E-11,0.0,0.0,0.0,0.0,0.0,0.0,0.0,0.0,0.0,0.0,0.0,0.0,0.0,0.0,0.0,0.0,0.0,0.0,0.0,0.0
Binary Obfuscation (flatten function, low overhead);nr_edges_static;8.642733741368256E-16,-4.0449630752530877E-13,-2.429224629749402E-10,-1.8851177629246557E-8,-2.5144774762776018E-9,-2.7258233319752448E-21,2.454735947783966E-20,-5.976989737142518E-22,1.5236350798295139E-25,1.422633795510912E-12,4.3302174338413084E-10,8.297221515044364E-8,1.0116518527595762E-8,5.247404029783396E-13,3.45007184013851E-11,1.5736764706088857E-9,2.993987720513957E-8,6.949361581751626E-13,9.620101986242652E-10,8.286386912414144E-7,-2.7801640216194986E-9,-1.5158643932637405E-12,-1.5144760960309863E-9,-8.66549970569494E-7,-1.5511497239317925E-9,-1.2000997758638189E-12,-2.2482907536655654E-9,3.654052964001719E-8,7.61225763097817E-11,0.0,0.0,0.0,0.0,0.0,0.0,0.0,0.0,0.0,0.0,0.0,0.0,0.0,0.0,0.0,0.0,0.0,0.0,0.0,0.0
Binary Obfuscation (flatten function, low overhead);nr_dst_oper_static;3.796746978563865E-16,-1.4462131679943178E-13,-9.448360621576866E-11,-4.578840467076234E-9,-6.448374744653755E-9,-3.448803244222267E-22,6.368263713560207E-21,-1.4251794926741022E-22,-3.5870410308988975E-26,5.980430267760088E-13,1.8143498687449305E-10,3.474208106412583E-8,1.8883098458900675E-8,2.1980428321458645E-13,1.4424566817102812E-11,6.577772190692859E-10,1.2537067920083802E-8,3.02313823766708E-13,4.0912583904287623E-10,3.4956362557868326E-7,-6.311586992887512E-9,-6.205949526193089E-13,-6.238637490044467E-10,-3.572915406504368E-7,-5.2488119049281775E-9,-4.651700975492963E-13,-8.702290735959043E-10,1.1722448315255349E-7,1.9649197863824786E-10,0.0,0.0,0.0,0.0,0.0,0.0,0.0,0.0,0.0,0.0,0.0,0.0,0.0,0.0,0.0,0.0,0.0,0.0,0.0,0.0
Binary Obfuscation (opaque predicate, medium overhead);nr_indirect_edges_CFIM_static;0.0,0.0,0.0,0.0,0.0,0.0,0.0,0.0,0.0,0.0,0.0,0.0,0.0,0.0,0.0,0.0,0.0,0.0,0.0,0.0,0.0,0.0,0.0,0.0,0.0,0.0,0.0,0.0,0.0,0.0,0.0,0.0,0.0,0.0,0.0,0.0,0.0,0.0,0.0,0.0,0.0,0.0,0.0,0.0,0.0,0.0,0.0,0.0,0.0
Binary Obfuscation (opaque predicate, medium overhead);nr_ins_static;-2.7196119757007685E-16,9.96005198341145E-14,6.778315623303475E-11,8.522511859724918E-9,-6.112443835858215E-9,5.701593581468263E-23,-5.4324723660872326E-21,-2.977943930494606E-23,-2.9802835146836327E-27,-3.5943851349334E-13,-1.0788473058245346E-10,-2.055536459457958E-8,1.9618953719360756E-8,-1.317258969601322E-13,-8.59395225195195E-12,-3.9024585259213784E-10,-7.345869067844129E-9,-1.720717064983453E-13,-2.3162221311534602E-10,-2.0130714209302958E-7,-6.01039819154406E-9,3.850202386862542E-13,3.866744008047384E-10,2.2039875167360196E-7,-5.469954227182972E-9,3.105160728535551E-13,6.345232648566367E-10,1.1293722303074924E-7,1.9247532482986456E-10,0.0,0.0,0.0,0.0,0.0,0.0,0.0,0.0,0.0,0.0,0.0,0.0,0.0,0.0,0.0,0.0,0.0,0.0,0.0,0.0
Binary Obfuscation (opaque predicate, medium overhead);nr_src_oper_static;-1.211625430624129E-15,3.7969599593738825E-13,2.6163685532135893E-10,2.440862205822618E-8,-6.597784932326281E-9,-3.702795957037255E-21,-4.190074112401035E-21,1.493483949588393E-22,1.8968364747472407E-25,-1.5285368934059606E-12,-4.575340479214649E-10,-8.716258262549126E-8,2.2394462051802434E-8,-5.581132812293484E-13,-3.6362403102692446E-11,-1.6513448114169289E-9,-3.1200446967916346E-8,-7.683587127795013E-13,-1.0040880707103917E-9,-8.627639560710582E-7,-5.944775422362519E-9,1.5802873977354513E-12,1.6024189855459134E-9,9.148896339336576E-7,-5.978686364884432E-9,1.1831521189397314E-12,2.436867675577575E-9,1.1811946118874684E-7,2.0176883441096148E-10,0.0,0.0,0.0,0.0,0.0,0.0,0.0,0.0,0.0,0.0,0.0,0.0,0.0,0.0,0.0,0.0,0.0,0.0,0.0,0.0
Binary Obfuscation (opaque predicate, medium overhead);halstead_program_size_static;-8.296846516612461E-16,3.0524702300397E-13,2.0805276863200214E-10,2.6428253663952038E-8,-1.9588718629863586E-8,-8.711871698638663E-22,-1.4917432654329516E-20,5.678589566467914E-22,-3.947976939848585E-25,-1.0988257107383606E-12,-3.2985114012020606E-10,-6.284825312453425E-8,6.107240315897378E-8,-4.0275832334626727E-13,-2.6278095064869085E-11,-1.1932816679826393E-9,-2.2460430251672152E-8,-5.248865692836935E-13,-7.074779265673996E-10,-6.151904779518047E-7,-1.861284893280111E-8,1.1788071690935329E-12,1.1833980784100575E-9,6.744755177041928E-7,-1.6894195294396477E-8,9.53554439576344E-13,1.9479842270221214E-9,3.5672734082630857E-7,6.007406618226054E-10,0.0,0.0,0.0,0.0,0.0,0.0,0.0,0.0,0.0,0.0,0.0,0.0,0.0,0.0,0.0,0.0,0.0,0.0,0.0,0.0
Binary Obfuscation (opaque predicate, medium overhead);cyclomatic_complexity_static;2.7858844157051E-16,-1.5733214867425134E-13,-9.717520287919112E-11,-7.3636036070332835E-9,-7.158437609903123E-10,3.9391380267898466E-21,5.3687232668299526E-21,-1.474348018063132E-22,3.012928664643404E-26,5.438903184836018E-13,1.6537073371438543E-10,3.1627660540221316E-8,2.907735953475561E-9,2.012346300453633E-13,1.3209696590494388E-11,6.018731117803542E-10,1.1507830005247837E-8,2.477627790427977E-13,3.600872020543453E-10,3.137857769214443E-7,-7.386093493388622E-10,-5.992639304596157E-13,-5.812218120013633E-10,-3.2833932600486327E-7,-2.9868418594036826E-10,-5.135507095518338E-13,-9.032673743749645E-10,8.490611093155345E-9,1.947525657135952E-11,0.0,0.0,0.0,0.0,0.0,0.0,0.0,0.0,0.0,0.0,0.0,0.0,0.0,0.0,0.0,0.0,0.0,0.0,0.0,0.0
Binary Obfuscation (opaque predicate, medium overhead);nr_edges_static;1.2243766964480475E-15,-3.56155702966541E-13,-2.4767238968686905E-10,-1.907526495532739E-8,-2.778982878274476E-9,-8.060078117694026E-21,1.8003904142478252E-20,-7.946296029632769E-22,3.0072858943666647E-25,1.5143840924711158E-12,4.5276656985984717E-10,8.625772965491804E-8,1.0700165291340608E-8,5.520487913019705E-13,3.594661556535601E-11,1.6326462478818214E-9,3.091422643104801E-8,7.771318645702628E-13,1.0030279790779104E-9,8.576203039277388E-7,-3.000198712211445E-9,-1.5408220428845567E-12,-1.5693516341257186E-9,-8.967216915056146E-7,-1.712144850704334E-9,-1.1124793492645538E-12,-2.300923240940243E-9,3.924218125547064E-8,8.33836722885426E-11,0.0,0.0,0.0,0.0,0.0,0.0,0.0,0.0,0.0,0.0,0.0,0.0,0.0,0.0,0.0,0.0,0.0,0.0,0.0,0.0
Binary Obfuscation (opaque predicate, medium overhead);nr_dst_oper_static;6.539019765636559E-16,-1.7351561265716688E-13,-1.2136720100654263E-10,-6.502880235730252E-9,-6.878489856759523E-9,2.346710604409921E-21,1.330008580624624E-20,-6.120463911431199E-23,1.126994053966193E-25,7.891496963611177E-13,2.355676384421576E-10,4.486969410648703E-8,1.9058987373499117E-8,2.8708085491600517E-13,1.8678260294275174E-11,8.483089962178569E-10,1.608588578739514E-8,4.1554385004130235E-13,5.282323573777697E-10,4.4888062033891785E-7,-6.657675314300222E-9,-7.865004676209946E-13,-8.056953082031745E-10,-4.6081286802623217E-7,-5.445554698019369E-9,-5.40113752557741E-13,-1.123406713845771E-9,1.2567065660397153E-7,2.0649650241237277E-10,0.0,0.0,0.0,0.0,0.0,0.0,0.0,0.0,0.0,0.0,0.0,0.0,0.0,0.0,0.0,0.0,0.0,0.0,0.0,0.0
Binary Obfuscation (opaque predicate, low overhead);nr_indirect_edges_CFIM_static;0.0,0.0,0.0,0.0,0.0,0.0,0.0,0.0,0.0,0.0,0.0,0.0,0.0,0.0,0.0,0.0,0.0,0.0,0.0,0.0,0.0,0.0,0.0,0.0,0.0,0.0,0.0,0.0,0.0,0.0,0.0,0.0,0.0,0.0,0.0,0.0,0.0,0.0,0.0,0.0,0.0,0.0,0.0,0.0,0.0,0.0,0.0,0.0,0.0
Binary Obfuscation (opaque predicate, low overhead);nr_ins_static;-2.5340265771360504E-16,1.6590637550278765E-13,1.0126920362550797E-10,1.0753285602184328E-8,-6.163428729140299E-9,7.7495277198142315E-22,-4.37384353714946E-21,-1.3903099858608708E-23,-3.481161587630857E-25,-5.128425867003441E-13,-1.5744190597977427E-10,-3.0211899807418285E-8,2.0074585298701566E-8,-1.9013988408426446E-13,-1.2579373295780649E-11,-5.741638989459271E-10,-1.0875287652302619E-8,-2.2149949724488426E-13,-3.383153889693785E-10,-2.985507144255897E-7,-6.013060614641803E-9,5.914839863689409E-13,5.696424483271633E-10,3.221816473599967E-7,-5.5944507179768715E-9,5.404765754380892E-13,9.471319852943872E-10,1.0872836146431316E-7,1.955569181197519E-10,0.0,0.0,0.0,0.0,0.0,0.0,0.0,0.0,0.0,0.0,0.0,0.0,0.0,0.0,0.0,0.0,0.0,0.0,0.0,0.0
Binary Obfuscation (opaque predicate, low overhead);nr_src_oper_static;-8.339928750208191E-16,4.935512513159825E-13,3.0164663820677915E-10,2.6366840146044854E-8,-6.774462832649891E-9,-1.207293892758068E-21,-9.618638343373334E-22,-4.269488711798257E-22,-1.341909773653777E-24,-1.6132049944484453E-12,-4.944082800094803E-10,-9.486555557639345E-8,2.320134834699495E-8,-5.967693779937445E-13,-3.944881364349255E-11,-1.8006799212941829E-9,-3.4183616135093596E-8,-7.202802302035165E-13,-1.0761624414240285E-9,-9.431724278799111E-7,-6.067677659496668E-9,1.8238343814435633E-12,1.7650601721886912E-9,9.991911268606574E-7,-6.198773991244262E-9,1.6117310715748582E-12,2.8132556662038128E-9,1.139025731179398E-7,2.0902707757915613E-10,0.0,0.0,0.0,0.0,0.0,0.0,0.0,0.0,0.0,0.0,0.0,0.0,0.0,0.0,0.0,0.0,0.0,0.0,0.0,0.0
Binary Obfuscation (opaque predicate, low overhead);halstead_program_size_static;-8.004623367348439E-16,5.24238810126519E-13,3.197344695031961E-10,3.392175648768382E-8,-1.9924352975754685E-8,5.836823852116952E-21,2.450903569295342E-21,-4.968485074761247E-22,-1.3231681127340568E-24,-1.619618167877458E-12,-4.972161767447506E-10,-9.541200514883406E-8,6.315439914441907E-8,-6.004776524960039E-13,-3.9726551119768005E-11,-1.8132512837141374E-9,-3.434542106956189E-8,-6.996411260317207E-13,-1.0685012402082315E-9,-9.428795772932486E-7,-1.879115714870398E-8,1.8677907840729153E-12,1.7988627640279841E-9,1.017415660407861E-6,-1.747131435364405E-8,1.7064413208492914E-12,2.9903115573789323E-9,3.4221300193240786E-7,6.172364492195765E-10,0.0,0.0,0.0,0.0,0.0,0.0,0.0,0.0,0.0,0.0,0.0,0.0,0.0,0.0,0.0,0.0,0.0,0.0,0.0,0.0
Binary Obfuscation (opaque predicate, low overhead);cyclomatic_complexity_static;5.46079507633798E-16,-5.465542054672845E-14,-6.311463266439502E-11,-1.0687473781140921E-8,-8.131430474821107E-10,4.6959810324798E-21,2.530060058927558E-21,-6.839104609251236E-23,7.434420182199381E-26,6.392795026801021E-13,1.8908606874172334E-10,3.581062519289528E-8,2.9027633183721267E-9,2.4538290234735073E-13,1.6196418502595657E-11,7.670185672086866E-10,1.8799093861355138E-8,4.162004371374635E-13,4.522727432530581E-10,3.450228321602187E-7,-8.23776348532792E-10,-5.163718576177256E-13,-5.782057838938105E-10,-3.5461663536954634E-7,-3.525629568479127E-10,-1.5119084321604781E-13,-5.184091571014306E-10,8.357069313919316E-9,2.2341743077008526E-11,0.0,0.0,0.0,0.0,0.0,0.0,0.0,0.0,0.0,0.0,0.0,0.0,0.0,0.0,0.0,0.0,0.0,0.0,0.0,0.0
Binary Obfuscation (opaque predicate, low overhead);nr_edges_static;7.231457112393943E-16,-3.989279159640541E-13,-2.4368187075513027E-10,-1.7800569010989313E-8,-2.8680852710629974E-9,4.449860738782145E-21,1.1239997864224684E-20,1.3867671168919554E-22,6.03954780383027E-25,1.3565224024686346E-12,4.1525679237708386E-10,7.968277787031783E-8,1.0939073606346778E-8,5.010226890098431E-13,3.3101285591935053E-11,1.5111300244536703E-9,2.8750012057539775E-8,6.195619060952897E-13,9.119278482039985E-10,7.954234823141521E-7,-3.054623768666576E-9,-1.5118579935451507E-12,-1.4683554253922158E-9,-8.317975157402617E-7,-1.8386978201292818E-9,-1.3029716890752877E-12,-2.2677257590767144E-9,3.7863709747927185E-8,8.698666518526515E-11,0.0,0.0,0.0,0.0,0.0,0.0,0.0,0.0,0.0,0.0,0.0,0.0,0.0,0.0,0.0,0.0,0.0,0.0,0.0,0.0
Binary Obfuscation (opaque predicate, low overhead);nr_dst_oper_static;2.869331958840657E-16,-1.3593267135851601E-13,-8.318175788493609E-11,-3.198369257943279E-9,-6.9864614003171E-9,-1.260604902499932E-21,9.982195450062468E-22,-3.823142364137008E-22,-2.087018235642762E-25,5.064294144856325E-13,1.5463400963456255E-10,2.9665450310871824E-8,1.987846545795655E-8,1.8643161005184363E-13,1.2301635850633657E-11,5.615925379100244E-10,1.071348274163256E-8,2.421386016350558E-13,3.4597659096444585E-10,2.988435658397154E-7,-6.710418862110735E-9,-5.475275856966982E-13,-5.358398581531372E-10,-3.0395711466107284E-7,-5.678089632266299E-9,-4.457663287212985E-13,-7.700760977377924E-10,1.1958206734654653E-7,2.1265245305395334E-10,0.0,0.0,0.0,0.0,0.0,0.0,0.0,0.0,0.0,0.0,0.0,0.0,0.0,0.0,0.0,0.0,0.0,0.0,0.0,0.0
Binary Obfuscation (branch function, medium overhead);nr_indirect_edges_CFIM_static;0.0,0.0,0.0,0.0,0.0,0.0,0.0,0.0,0.0,0.0,0.0,0.0,0.0,0.0,0.0,0.0,0.0,0.0,0.0,0.0,0.0,0.0,0.0,0.0,0.0,0.0,0.0,0.0,0.0,0.0,0.0,0.0,0.0,0.0,0.0,0.0,0.0,0.0,0.0,0.0,0.0,0.0,0.0,0.0,0.0,0.0,0.0,0.0,0.0
Binary Obfuscation (branch function, medium overhead);nr_ins_static;-2.300979309922252E-16,8.659891760014911E-14,5.883653746440281E-11,7.715080304026819E-9,-5.612527565829672E-9,5.156473599014353E-22,-4.2320668418285906E-21,7.939644353006609E-23,-2.074993838695298E-26,-3.0678166833282186E-13,-9.212772173743409E-11,-1.755471345816096E-8,1.815612094317135E-8,-1.1250394993743763E-13,-7.341839883619436E-12,-3.333983595587577E-10,-6.27369128693221E-9,-1.4551334947339995E-13,-1.969778307122711E-10,-1.7156012782799934E-7,-5.595528929064992E-9,3.3070770309252316E-13,3.31570693735847E-10,1.8893825071836234E-7,-5.08356701010718E-9,2.700743566748196E-13,5.512293777221134E-10,1.0989275685891426E-7,1.77293185055225E-10,0.0,0.0,0.0,0.0,0.0,0.0,0.0,0.0,0.0,0.0,0.0,0.0,0.0,0.0,0.0,0.0,0.0,0.0,0.0,0.0
Binary Obfuscation (branch function, medium overhead);nr_src_oper_static;-6.359738767141577E-16,-1.0837804889324453E-13,5.491579309139327E-13,1.1458734550546254E-8,-9.535877665273326E-9,-3.526007691247108E-21,-2.8904304853499803E-21,-8.749537975573219E-23,-6.977757516420686E-27,-3.0465986658255593E-13,-8.407714606485357E-11,-1.5855527128868716E-8,3.330269266084429E-8,-1.1209542624972499E-13,-7.361256393505446E-12,-3.6059078989677065E-10,-9.798564802208573E-9,-3.1680307737499284E-13,-2.2638438170735896E-10,-1.468714262943191E-7,-8.889453956848013E-9,6.069567044766265E-14,2.0600424697933247E-10,1.56184949586316E-7,-7.688110883962112E-9,-3.703027295559821E-13,-7.608495129282367E-11,1.1769062624512904E-7,2.9394878319026E-10,0.0,0.0,0.0,0.0,0.0,0.0,0.0,0.0,0.0,0.0,0.0,0.0,0.0,0.0,0.0,0.0,0.0,0.0,0.0,0.0
Binary Obfuscation (branch function, medium overhead);halstead_program_size_static;-7.546100667325206E-16,2.8105692047201965E-13,1.9114901102708788E-10,2.4693106691342503E-8,-1.791026026234455E-8,-5.248325970886361E-21,-2.4419998949771048E-20,4.860092186223896E-22,-1.0145847833754331E-25,-1.0028380276653075E-12,-3.0110007221463033E-10,-5.7373073321072623E-8,5.6861936104535965E-8,-3.6767256903627907E-13,-2.3991531316869083E-11,-1.0894756534849856E-9,-2.0505669214932257E-8,-4.772936801498169E-13,-6.447502254653043E-10,-5.611117911419328E-7,-1.7261677622601012E-8,1.078520665328854E-12,1.0820100454581863E-9,6.166264221174611E-7,-1.5682077992087984E-8,8.767528135133014E-13,1.7903002428389407E-9,3.431163262620181E-7,5.520733313098871E-10,0.0,0.0,0.0,0.0,0.0,0.0,0.0,0.0,0.0,0.0,0.0,0.0,0.0,0.0,0.0,0.0,0.0,0.0,0.0,0.0
Binary Obfuscation (branch function, medium overhead);cyclomatic_complexity_static;4.2846391491480376E-16,-1.2605597607801593E-13,-8.735261185588968E-11,-6.90443301160708E-9,-6.677282432175524E-10,7.9884868997464275E-22,5.034643049013307E-21,-2.778906103623489E-22,5.99207931225347E-26,5.311784866696376E-13,1.5883303952747872E-10,3.025997047673704E-8,2.7017633299004142E-9,1.9367125537602072E-13,1.2611794926866743E-11,5.728086871506936E-10,1.0844176435577499E-8,2.7192302150457106E-13,3.514726843650004E-10,3.0069381682068085E-7,-6.986523322152489E-10,-5.414796199334178E-13,-5.512147313917723E-10,-3.149335568421391E-7,-2.830291085735063E-10,-3.92683840852114E-13,-8.117777430540473E-10,7.225592439143057E-9,1.8499715338412782E-11,0.0,0.0,0.0,0.0,0.0,0.0,0.0,0.0,0.0,0.0,0.0,0.0,0.0,0.0,0.0,0.0,0.0,0.0,0.0,0.0
Binary Obfuscation (branch function, medium overhead);nr_edges_static;1.2118278989372507E-15,-3.5239928460844637E-13,-2.451294343018811E-10,-1.8877900355424157E-8,-2.7980779582262554E-9,3.9135339916289E-21,2.330030983812643E-20,2.819162601714294E-22,2.0723687136369445E-25,1.4988556190156607E-12,4.481234778320391E-10,8.537298228536677E-8,1.0463821615278902E-8,5.463878926734412E-13,3.557798185710246E-11,1.6159010307202878E-9,3.0596830042050856E-8,7.69167660786387E-13,9.927460268693867E-10,8.488279450928182E-7,-3.0119854157453427E-9,-1.525016987519298E-12,-1.5532551177558564E-9,-8.875239750447562E-7,-1.7434727800195744E-9,-1.1010573665626692E-12,-2.277297461320487E-9,3.889543202241896E-8,8.424846736910533E-11,0.0,0.0,0.0,0.0,0.0,0.0,0.0,0.0,0.0,0.0,0.0,0.0,0.0,0.0,0.0,0.0,0.0,0.0,0.0,0.0
Binary Obfuscation (branch function, medium overhead);nr_dst_oper_static;6.63967300442503E-16,-1.7724943629196931E-13,-1.239722445262748E-10,-6.847827484202616E-9,-6.321267002827829E-9,-8.65554098737757E-22,8.873904098904275E-21,1.8009923699622144E-22,-2.1173841778507543E-26,8.026338521045995E-13,2.3961695112158774E-10,4.5640611503680595E-8,1.770190125071399E-8,2.9202761700013895E-13,1.900104081248132E-11,8.629569137809948E-10,1.636009531007774E-8,4.2191200909464617E-13,5.368809265881758E-10,4.5642221247008813E-7,-6.215177199652799E-9,-8.010866648366526E-13,-8.203029083177004E-10,-4.6913271659846517E-7,-5.0635949617729116E-9,-5.520989862444685E-13,-1.1478201088472412E-9,1.206610529321023E-7,1.9079092812434534E-10,0.0,0.0,0.0,0.0,0.0,0.0,0.0,0.0,0.0,0.0,0.0,0.0,0.0,0.0,0.0,0.0,0.0,0.0,0.0,0.0
Binary Obfuscation (opaque predicate, high overhead);nr_indirect_edges_CFIM_static;0.0,0.0,0.0,0.0,0.0,0.0,0.0,0.0,0.0,0.0,0.0,0.0,0.0,0.0,0.0,0.0,0.0,0.0,0.0,0.0,0.0,0.0,0.0,0.0,0.0,0.0,0.0,0.0,0.0,0.0,0.0,0.0,0.0,0.0,0.0,0.0,0.0,0.0,0.0,0.0,0.0,0.0,0.0,0.0,0.0,0.0,0.0,0.0,0.0
Binary Obfuscation (opaque predicate, high overhead);nr_ins_static;-5.393617534540999E-17,3.4458050497076096E-14,2.304486328195126E-11,5.030047684796701E-9,-5.928300347436796E-9,4.2252645621095595E-22,-1.282597874234646E-21,-9.658491704758066E-23,1.6951723981854838E-26,-8.694518070058768E-14,-2.6396659545629113E-11,-5.033829354327175E-9,1.8723488975935267E-8,-3.2354991692102887E-14,-2.1236617906253316E-12,-9.641936357538067E-11,-1.789294893917966E-9,-3.2572151339734275E-14,-5.120570499582612E-11,-4.697290615154892E-8,-5.9033600931208225E-9,1.0724444325072723E-13,1.0396295777147376E-10,5.88823821758358E-8,-5.203219225570271E-9,1.0906527510185081E-13,2.1882191037999633E-10,1.1819556810385387E-7,1.845919946480491E-10,0.0,0.0,0.0,0.0,0.0,0.0,0.0,0.0,0.0,0.0,0.0,0.0,0.0,0.0,0.0,0.0,0.0,0.0,0.0,0.0
Binary Obfuscation (opaque predicate, high overhead);nr_src_oper_static;-9.54252450063678E-16,2.890474734598608E-13,2.0388004124934764E-10,1.9873168479361868E-8,-6.345342311130228E-9,3.78039606820534E-21,-3.9041861901528307E-20,-3.6905694059039838E-22,1.0240723057511961E-25,-1.1784462482173958E-12,-3.5265009009169897E-10,-6.718212523305119E-8,2.1106336345550272E-8,-4.301639009627345E-13,-2.8033304923648018E-11,-1.2730925414011231E-9,-2.4047509268761407E-8,-5.905853206895642E-13,-7.720201144915327E-10,-6.641255552372605E-7,-5.7464843595124E-9,1.2214957392842588E-12,1.2383296216176838E-9,7.069121842201431E-7,-5.583615888659493E-9,9.192451207918202E-13,1.9002385632423406E-9,1.2370495136729894E-7,1.902146104078207E-10,0.0,0.0,0.0,0.0,0.0,0.0,0.0,0.0,0.0,0.0,0.0,0.0,0.0,0.0,0.0,0.0,0.0,0.0,0.0,0.0
Binary Obfuscation (opaque predicate, high overhead);halstead_program_size_static;-1.0338253923984816E-16,9.015794909297598E-14,5.948833350885753E-11,1.4841935827483027E-8,-1.8926211491196356E-8,-9.415531539426537E-23,-5.196700889278134E-21,-1.5338848428799978E-22,-1.273537785216734E-26,-1.936734489355485E-13,-5.918761811941214E-11,-1.1294009287683704E-8,5.780240701445255E-8,-7.270049205501844E-14,-4.787103141402679E-12,-2.1734823014589238E-10,-4.005287252252868E-9,-6.134805914860992E-14,-1.0818865958948974E-10,-1.0255550826274162E-7,-1.818687862386193E-8,2.563168534151889E-13,2.4441117664773587E-10,1.3801904691357336E-7,-1.5953847066509357E-8,2.8493771799977494E-13,5.675584698058649E-10,3.7461915008213593E-7,5.723094379269088E-10,0.0,0.0,0.0,0.0,0.0,0.0,0.0,0.0,0.0,0.0,0.0,0.0,0.0,0.0,0.0,0.0,0.0,0.0,0.0,0.0
Binary Obfuscation (opaque predicate, high overhead);cyclomatic_complexity_static;2.5478125962118223E-16,-1.5273316039653918E-13,-8.628916585406152E-11,-6.444905120041723E-9,-7.740155764850444E-10,-1.5614012776178637E-22,6.114700253998784E-21,8.313609995571088E-23,-3.630049412052307E-25,4.794311606112514E-13,1.4670292009889492E-10,2.8147976312092003E-8,2.9374296689084196E-9,1.7698667818341038E-13,1.1694107209157438E-11,5.338424604984409E-10,1.015484479320868E-8,2.1903940421369187E-13,3.2203368887099325E-10,2.80877923455197E-7,-7.501011657696409E-10,-5.344660179154686E-13,-5.190982448526257E-10,-2.9412484877554485E-7,-3.522398361554516E-10,-4.60564876095531E-13,-8.032021304822778E-10,8.461189846199503E-9,2.0943625159524728E-11,0.0,0.0,0.0,0.0,0.0,0.0,0.0,0.0,0.0,0.0,0.0,0.0,0.0,0.0,0.0,0.0,0.0,0.0,0.0,0.0
Binary Obfuscation (opaque predicate, high overhead);nr_edges_static;1.232052537303785E-15,-3.4052460811003544E-13,-2.4240481899403203E-10,-1.8622854313290614E-8,-2.8119356832150694E-9,-3.963060393438014E-21,3.445295022523799E-20,4.344367476060536E-22,3.1096597923766484E-26,1.4846815686364056E-12,4.436193499044085E-10,8.451126883390436E-8,1.055939209299874E-8,5.408285896697281E-13,3.521874194887183E-11,1.5995644576089354E-9,3.0287804498845407E-8,7.639406081449236E-13,9.829905545956624E-10,8.403128632086462E-7,-3.0182284518525456E-9,-1.5078898908690665E-12,-1.537323767022509E-9,-8.784650899046863E-7,-1.754889780035049E-9,-1.0834614022897901E-12,-2.2520183815885264E-9,4.0435480532181085E-8,8.430169170247965E-11,0.0,0.0,0.0,0.0,0.0,0.0,0.0,0.0,0.0,0.0,0.0,0.0,0.0,0.0,0.0,0.0,0.0,0.0,0.0,0.0
Binary Obfuscation (opaque predicate, high overhead);nr_dst_oper_static;9.048060872339118E-16,-2.3313918914300717E-13,-1.6743643774879514E-10,-1.0061280340443145E-8,-6.652568819903509E-9,-5.198294381441125E-21,1.5258867127837693E-20,5.439638709064491E-22,7.902342524144871E-26,1.0717179811206355E-12,3.198591318512234E-10,6.092194536355417E-8,1.7972581655724667E-8,3.898184010084462E-13,2.536986359923457E-11,1.1521636760486448E-9,2.1831516933113436E-8,5.618094135176176E-13,7.150371606491873E-10,6.085429537514356E-7,-6.537034159383799E-9,-1.0724233301835514E-12,-1.0978814038679755E-9,-6.27775520147672E-7,-5.167011941071653E-9,-7.43372678502701E-13,-1.5515020052835331E-9,1.3271863060826415E-7,1.9750283243185246E-10,0.0,0.0,0.0,0.0,0.0,0.0,0.0,0.0,0.0,0.0,0.0,0.0,0.0,0.0,0.0,0.0,0.0,0.0,0.0,0.0
Anti-Debugging;nr_indirect_edges_CFIM_static;0.0,0.0,0.0,0.0,0.0,0.0,0.0,0.0,0.0,0.0,0.0,0.0,0.0,0.0,0.0,0.0,0.0,0.0,0.0,0.0,0.0,0.0,0.0,0.0,0.0,0.0,0.0,0.0,0.0,0.0,0.0,0.0,0.0,0.0,0.0,0.0,0.0,0.0,0.0,0.0,0.0,0.0,0.0,0.0,0.0,0.0,0.0,0.0,0.0
Anti-Debugging;nr_ins_static;-2.0424266220854754E-15,-1.545626424672309E-13,1.0371931330991541E-10,3.860815775560229E-8,-4.945600749607193E-9,6.629378560303885E-21,-2.8525790341293236E-20,4.28538982222192E-22,8.581632398089194E-26,-1.5209059735063916E-12,-4.4569173265413803E-10,-8.587318367302794E-8,1.4835750920241721E-8,-5.602999418040581E-13,-3.748497507110702E-11,-1.8256338283192876E-9,-4.626511566666286E-8,-1.2082821011306026E-12,-1.1108957323930783E-9,-8.227597369037457E-7,-4.928045661744206E-9,8.666740663682664E-13,1.2704920900120692E-9,8.463834121905447E-7,-5.205942998952676E-9,-4.829985366679765E-13,6.818824025570416E-10,1.192301275606606E-7,1.6149288903697553E-10,0.0,0.0,0.0,0.0,0.0,0.0,0.0,0.0,0.0,0.0,0.0,0.0,0.0,0.0,0.0,0.0,0.0,0.0,0.0,0.0
Anti-Debugging;nr_src_oper_static;-1.4471651113087616E-15,-1.0389528511872483E-13,7.784010927782261E-11,2.9434518373399384E-8,-6.106114914042338E-9,3.41041417521818E-21,-1.5871269624667444E-20,7.473509431737302E-22,-1.0842299906168247E-25,-1.0827784813441004E-12,-3.174795706577492E-10,-6.11783431910028E-8,1.4945536006103367E-8,-3.992107648315793E-13,-2.6716445364027165E-11,-1.3012969486573476E-9,-3.297810070098002E-8,-8.551648773640682E-13,-7.879286975175472E-10,-5.84517194741549E-7,-6.040160000731431E-9,6.248049399315349E-13,9.106392650319652E-10,6.060515838068881E-7,-5.8852676332039715E-9,-3.250016394883072E-13,5.245353197041094E-10,1.4410025285293898E-7,1.9237530994416831E-10,0.0,0.0,0.0,0.0,0.0,0.0,0.0,0.0,0.0,0.0,0.0,0.0,0.0,0.0,0.0,0.0,0.0,0.0,0.0,0.0
Anti-Debugging;halstead_program_size_static;-4.792949432498472E-15,-3.5195082806208207E-13,2.5214979043312614E-10,9.47823941769687E-8,-1.648848937067923E-8,-1.3763500768560814E-21,-1.0553020126031468E-20,1.0712469268672673E-21,-5.785605485392133E-25,-3.5794359854365673E-12,-1.049287098326371E-9,-2.0218556513827007E-7,4.480622843735203E-8,-1.3192973075787385E-12,-8.828028536895063E-11,-4.299753337194879E-9,-1.0896312299831217E-7,-2.8335257164512858E-12,-2.6085482972076305E-9,-1.9338866987968217E-6,-1.6384091155346222E-8,2.0553981967579206E-12,3.0024452620983468E-9,1.9989691667689907E-6,-1.6492455992306743E-8,-1.0987759774040033E-12,1.6834434048585561E-9,3.996971807630794E-7,5.261293401799251E-10,0.0,0.0,0.0,0.0,0.0,0.0,0.0,0.0,0.0,0.0,0.0,0.0,0.0,0.0,0.0,0.0,0.0,0.0,0.0,0.0
Anti-Debugging;cyclomatic_complexity_static;4.430675969085101E-16,2.6217829572708367E-14,-2.497471254951319E-11,-6.1965156729949935E-9,-6.267753441671425E-10,2.5731269931823726E-21,9.552704279900583E-21,-9.18149560773861E-23,-3.110990190190959E-26,3.094982770788588E-13,9.053792773762304E-11,1.7486842735243827E-8,2.7234904511300336E-9,1.1104249785781318E-13,7.331064806174111E-12,3.484417271638977E-10,7.71657479305337E-9,2.383398467134954E-13,2.1943840598697872E-10,1.6762764236670936E-7,-6.214524176955983E-10,-1.8351880974025379E-13,-2.644195315273286E-10,-1.7107019307106407E-7,-3.6113797424795844E-10,7.812566249576202E-14,-1.8691373480301637E-10,7.097400744055124E-9,1.8060833858355444E-11,0.0,0.0,0.0,0.0,0.0,0.0,0.0,0.0,0.0,0.0,0.0,0.0,0.0,0.0,0.0,0.0,0.0,0.0,0.0,0.0
Anti-Debugging;nr_edges_static;1.47991202091264E-15,1.229566681522663E-13,-6.613682384882077E-11,-2.369630516189502E-8,-2.4484714753840442E-9,-3.331000818890099E-21,1.9774664361534462E-20,-3.5853941594198873E-22,1.351930769718684E-25,1.0913680454046233E-12,3.194724829785399E-10,6.155152844198762E-8,9.557552446207694E-9,4.0139528231429124E-13,2.6837673282020278E-11,1.3070060335769104E-9,3.314574395738034E-8,8.774799611775644E-13,8.031995148453837E-10,5.928620635182232E-7,-2.642601073160394E-9,-6.056410309208603E-13,-8.988927151366484E-10,-6.001199789624351E-7,-1.7078756633278074E-9,3.8581687832730925E-13,-4.0833284919550115E-10,3.6176687862333323E-8,7.57200532777605E-11,0.0,0.0,0.0,0.0,0.0,0.0,0.0,0.0,0.0,0.0,0.0,0.0,0.0,0.0,0.0,0.0,0.0,0.0,0.0,0.0
Anti-Debugging;nr_dst_oper_static;-1.3033576996357636E-15,-9.28685411206941E-14,7.059036446085622E-11,2.67397181336461E-8,-5.436773717912378E-9,3.565972381961374E-21,-2.1011453861442237E-20,5.185333365896457E-22,-5.949113344033915E-26,-9.757515314248364E-13,-2.861157952724053E-10,-5.513403832709419E-8,1.5024941542069337E-8,-3.5978660127355975E-13,-2.4078864956448107E-11,-1.1728225613007518E-9,-2.9719906659427756E-8,-7.700787382759067E-13,-7.09723867710357E-10,-5.266097675071454E-7,-5.4158855032924785E-9,5.639191915036756E-13,8.213139081681607E-10,5.46534171304118E-7,-5.401245369921468E-9,-2.907758000888396E-13,4.770256858661053E-10,1.3636680034464832E-7,1.7226114157359334E-10,0.0,0.0,0.0,0.0,0.0,0.0,0.0,0.0,0.0,0.0,0.0,0.0,0.0,0.0,0.0,0.0,0.0,0.0,0.0,0.0
Binary Obfuscation (flatten function, medium overhead);nr_indirect_edges_CFIM_static;0.0,0.0,0.0,0.0,0.0,0.0,0.0,0.0,0.0,0.0,0.0,0.0,0.0,0.0,0.0,0.0,0.0,0.0,0.0,0.0,0.0,0.0,0.0,0.0,0.0,0.0,0.0,0.0,0.0,0.0,0.0,0.0,0.0,0.0,0.0,0.0,0.0,0.0,0.0,0.0,0.0,0.0,0.0,0.0,0.0,0.0,0.0,0.0,0.0
Binary Obfuscation (flatten function, medium overhead);nr_ins_static;-3.271136633319994E-16,1.3697309671513628E-13,9.179668485101903E-11,1.0296402995675375E-8,-6.130334858451755E-9,-2.611317957098861E-22,-1.16748926945725E-20,5.426376448851689E-23,-5.0951452110371326E-26,-4.952499526156658E-13,-1.492161280438791E-10,-2.844682735680601E-8,2.105090018581857E-8,-1.8225184001921188E-13,-1.1885882111089721E-11,-5.397179377834312E-10,-1.0170112191119777E-8,-2.330883538932318E-13,-3.219044451959282E-10,-2.7977352531991656E-7,-6.036227705798506E-9,5.351903269203455E-13,5.315625240730161E-10,3.024270770800655E-7,-5.554145231123522E-9,4.40984144482862E-13,8.574599986749427E-10,1.0946486585519273E-7,1.9466587684431006E-10,0.0,0.0,0.0,0.0,0.0,0.0,0.0,0.0,0.0,0.0,0.0,0.0,0.0,0.0,0.0,0.0,0.0,0.0,0.0,0.0
Binary Obfuscation (flatten function, medium overhead);nr_src_oper_static;-1.142533971379161E-15,4.3077337502561364E-13,2.907898806740929E-10,2.6421379384730008E-8,-6.847043607942816E-9,-1.5685688226466743E-21,-1.9541580752571952E-20,-8.541173048498288E-22,1.44240742271632E-25,-1.6697867177702327E-12,-5.022123169654611E-10,-9.573881243622913E-8,2.4604970412739433E-8,-6.130156204606816E-13,-3.9944554688155693E-11,-1.8139859828571593E-9,-3.427225571652685E-8,-8.117331550903746E-13,-1.098708967808677E-9,-9.479242544145963E-7,-6.1696385365210635E-9,1.7641573176821178E-12,1.7626864065386377E-9,1.0039372397557117E-6,-6.248386762424535E-9,1.3898155607873396E-12,2.7072042072785686E-9,1.1530699822676825E-7,2.1130883933506546E-10,0.0,0.0,0.0,0.0,0.0,0.0,0.0,0.0,0.0,0.0,0.0,0.0,0.0,0.0,0.0,0.0,0.0,0.0,0.0,0.0
Binary Obfuscation (flatten function, medium overhead);halstead_program_size_static;-1.0361663453946161E-15,4.323987622537782E-13,2.904737860002859E-10,3.2517328428321134E-8,-1.9756687384383034E-8,-2.5429303486484075E-22,-2.888469078499049E-20,2.123066133254688E-22,-2.1823895620984177E-25,-1.5681514927659663E-12,-4.724663488574036E-10,-9.007161117955895E-8,6.631711013649864E-8,-5.770645121438335E-13,-3.763393358651486E-11,-1.708892833081452E-9,-3.220188560845282E-8,-7.383086648248795E-13,-1.0194097151127195E-9,-8.859188671377083E-7,-1.8819335876555515E-8,1.6942125342884149E-12,1.6828329929300333E-9,9.574408690801728E-7,-1.73013933781334E-8,1.3953468039566943E-12,2.7131845689685064E-9,3.440145225195416E-7,6.126688643262303E-10,0.0,0.0,0.0,0.0,0.0,0.0,0.0,0.0,0.0,0.0,0.0,0.0,0.0,0.0,0.0,0.0,0.0,0.0,0.0,0.0
Binary Obfuscation (flatten function, medium overhead);cyclomatic_complexity_static;3.9698588958946586E-16,-1.446728030238573E-13,-9.597886575820132E-11,-7.506855678396647E-9,-5.202196052778933E-10,2.892652669726637E-21,1.515315293960638E-20,3.270056847664272E-22,2.270394948849468E-25,5.70186732948787E-13,1.7154053902025082E-10,3.271802098614229E-8,2.019259100049652E-9,2.0923883401961714E-13,1.36396916177672E-11,6.196302650260174E-10,1.1731983016724566E-8,2.8208463357321187E-13,3.7819714056176097E-10,3.2511132548536424E-7,-5.646857601859719E-10,-5.954672064359794E-13,-5.973247256166764E-10,-3.4051253266646807E-7,-1.4227810390177772E-10,-4.571996448722895E-13,-8.91781113873103E-10,7.41588114523707E-9,1.3315994268442042E-11,0.0,0.0,0.0,0.0,0.0,0.0,0.0,0.0,0.0,0.0,0.0,0.0,0.0,0.0,0.0,0.0,0.0,0.0,0.0,0.0
Binary Obfuscation (flatten function, medium overhead);nr_edges_static;1.04255465331102E-15,-3.762648485493936E-13,-2.5014199932989555E-10,-1.910872768407689E-8,-2.4703193994581843E-9,1.6552912215572526E-21,2.8066830149905324E-20,7.237753069412244E-22,-1.4939237386349552E-25,1.4935451930967681E-12,4.4927542731133796E-10,8.56921593795181E-8,9.846108801734752E-9,5.479795027797283E-13,3.571910995902553E-11,1.6227021906460382E-9,3.073381201421641E-8,7.406398649632787E-13,9.915409150550784E-10,8.518949759222117E-7,-2.7484595880463932E-9,-1.5570201240337725E-12,-1.5626245153459208E-9,-8.908754442933653E-7,-1.499133424935292E-9,-1.1909976319845462E-12,-2.3235115811308965E-9,3.6387742174392634E-8,7.459819733758352E-11,0.0,0.0,0.0,0.0,0.0,0.0,0.0,0.0,0.0,0.0,0.0,0.0,0.0,0.0,0.0,0.0,0.0,0.0,0.0,0.0
Binary Obfuscation (flatten function, medium overhead);nr_dst_oper_static;4.334812896299681E-16,-1.345825203033253E-13,-9.211254864460872E-11,-4.200453961760754E-9,-6.779308901874509E-9,-4.903236299456131E-22,8.461439593454498E-21,9.259204192374765E-23,-2.598756518354246E-26,5.968851792693303E-13,1.7896209666777964E-10,3.411402871343963E-8,2.0661239488934703E-8,2.1820294896264938E-13,1.4196503254076349E-11,6.448110894005882E-10,1.2240482331150665E-8,3.065128445880336E-13,4.012036989354303E-10,3.417789136558533E-7,-6.613469619395928E-9,-6.051351127310701E-13,-6.114159398127553E-10,-3.4892344887710314E-7,-5.498861370057035E-9,-4.3545290421029377E-13,-8.514796414505626E-10,1.1924265843511744E-7,2.0669414758993062E-10,0.0,0.0,0.0,0.0,0.0,0.0,0.0,0.0,0.0,0.0,0.0,0.0,0.0,0.0,0.0,0.0,0.0,0.0,0.0,0.0
Code Mobility;nr_indirect_edges_CFIM_static;1.3880031309979082E-16,-1.2590748371413528E-14,-1.6170035563172486E-11,-2.2289627548573205E-9,-7.69688293266741E-11,1.393385811441798E-22,2.742438951965883E-21,-1.0715990875618632E-23,2.3422350551105127E-26,1.3698747518583045E-13,4.135985677320622E-11,8.031604875039716E-9,-3.6215504883067514E-11,5.0788140525770705E-14,3.4312828375440077E-12,1.6602080021666472E-10,4.0491493787314825E-9,8.755576182922161E-14,9.628036153036391E-11,7.81342285173815E-8,-1.1775149854667674E-10,-1.0987583145148729E-13,-1.3088752205929743E-10,-8.096464410926705E-8,-2.4650506822007976E-11,-3.2929813514664486E-14,-1.4072095626068252E-10,1.8197769205892955E-9,2.36028528483045E-12,0.0,0.0,0.0,0.0,0.0,0.0,0.0,0.0,0.0,0.0,0.0,0.0,0.0,0.0,0.0,0.0,0.0,0.0,0.0,0.0
Code Mobility;nr_of_mobile_blocks;-1.9494841203074967E-17,5.42331629941593E-15,3.9696952278360675E-12,3.389956875464063E-10,-4.4720908186305536E-11,4.023323965179374E-23,-2.318157010741774E-22,-6.133718778518163E-24,5.461769050681712E-27,-2.3760633797446133E-14,-7.104089385547005E-12,-1.3537084143722232E-9,-1.9805116680962538E-10,-8.661798913683972E-15,-5.642646138331309E-13,-2.5631541239158618E-11,-4.855404570141856E-10,-1.210138707610741E-14,-1.5664648329847648E-11,-1.3423125097278006E-8,-3.080760300386367E-11,2.4323551441291203E-14,2.4743279279656164E-11,1.4134419266956857E-8,-4.4269773280326066E-11,1.7803021033763792E-14,3.692852818453921E-11,6.087860959504566E-10,1.3549046305472578E-12,0.0,0.0,0.0,0.0,0.0,0.0,0.0,0.0,0.0,0.0,0.0,0.0,0.0,0.0,0.0,0.0,0.0,0.0,0.0,0.0
Code Mobility;nr_ins_static;4.897447901176064E-16,-3.0754723264453044E-14,-4.783924446831969E-11,-3.99017930553954E-9,-5.667324857330596E-9,8.835416250307654E-22,-3.246582263055892E-22,-1.7588775508527182E-22,1.171260144743385E-25,4.717403656080362E-13,1.4207442297114916E-10,2.7580738503284706E-8,1.4688214478898731E-8,1.7428498062409185E-13,1.1758710716026782E-11,5.688201650676819E-10,1.3887893739476711E-8,3.1161882613284643E-13,3.3728742847931293E-10,2.7128468529664246E-7,-6.206081367289128E-9,-3.62701034622434E-13,-4.38496806415937E-10,-2.720030090105213E-7,-5.25697846953427E-9,-7.558747907512573E-14,-4.075669010471266E-10,1.1902958498222682E-7,1.8732433657932571E-10,0.0,0.0,0.0,0.0,0.0,0.0,0.0,0.0,0.0,0.0,0.0,0.0,0.0,0.0,0.0,0.0,0.0,0.0,0.0,0.0
Code Mobility;nr_src_oper_static;-4.914600937919474E-16,6.078819618078469E-14,6.899033373560246E-11,1.2618180538387673E-8,-6.305108876829605E-9,-2.724679904245715E-21,-1.4538945892351398E-20,-1.722819384574677E-23,-6.719606884911737E-27,-5.048755643986199E-13,-1.5287086559392037E-10,-2.9696628538948382E-8,1.72855702439351E-8,-1.8792817970454303E-13,-1.2715856809679456E-11,-6.154006217243052E-10,-1.4992909737126473E-8,-3.10310934150273E-13,-3.4801048875252337E-10,-2.8534004669050067E-7,-6.41934234768386E-9,4.241265954063633E-13,4.970680252934523E-10,3.0655764972527255E-7,-5.921063254553816E-9,1.6765988805012968E-13,6.108638477340364E-10,1.2799250619113892E-7,2.0336135650709283E-10,0.0,0.0,0.0,0.0,0.0,0.0,0.0,0.0,0.0,0.0,0.0,0.0,0.0,0.0,0.0,0.0,0.0,0.0,0.0,0.0
Code Mobility;halstead_program_size_static;1.5807067875965982E-15,-1.000820490053465E-13,-1.5505657185442385E-10,-1.314556012199479E-8,-1.8338647212877597E-8,3.694345438895582E-22,3.45612271919503E-20,1.679485882862394E-22,2.604673211028444E-25,1.5235700898928103E-12,4.5887987845855994E-10,8.908227584151357E-8,4.630527718630772E-8,5.629280685170047E-13,3.7980919167143554E-11,1.8373097466996193E-9,4.485715673224495E-8,1.0057108815060064E-12,1.088929230270828E-9,8.760083271414087E-7,-1.9492530838895704E-8,-1.1725218501726233E-12,-1.417064321879044E-9,-8.789607354210693E-7,-1.646783917124686E-8,-2.4681060145535944E-13,-1.321718646550942E-9,3.7652608599739504E-7,5.926996796273978E-10,0.0,0.0,0.0,0.0,0.0,0.0,0.0,0.0,0.0,0.0,0.0,0.0,0.0,0.0,0.0,0.0,0.0,0.0,0.0,0.0
Code Mobility;cyclomatic_complexity_static;7.331000483249478E-16,9.104352083430914E-14,-1.7154789621433477E-11,-9.323802924338052E-9,-6.111281824205814E-10,-5.68686900096468E-21,2.3859744896209698E-20,5.640949675444903E-23,-6.940530701231513E-27,4.709208791870738E-13,1.344314544037896E-10,2.554435601205283E-8,2.425703013893808E-9,1.6975201784404044E-13,1.121264000647701E-11,5.458995423224675E-10,1.4325210054618999E-8,4.13615108615097E-13,3.5299394445500185E-10,2.5157595632776435E-7,-6.268227443502524E-10,-2.2070521189320954E-13,-3.736035666197682E-10,-2.5720119641411054E-7,-2.782943224519487E-10,2.790128945973281E-13,-7.892651336801457E-11,6.4097964476840345E-9,1.7049805919567917E-11,0.0,0.0,0.0,0.0,0.0,0.0,0.0,0.0,0.0,0.0,0.0,0.0,0.0,0.0,0.0,0.0,0.0,0.0,0.0,0.0
Code Mobility;nr_edges_static;1.333885270063016E-15,-9.244523177045569E-14,-1.5447053589257316E-10,-2.0929632808304064E-8,-2.481350710173473E-9,7.612544167993062E-21,4.927466459686896E-20,-9.907402368511448E-23,2.895860612069597E-25,1.3182291795877162E-12,3.979800555619814E-10,7.729175352852837E-8,9.30218285143385E-9,4.886530953012176E-13,3.3012352991903174E-11,1.5973922860239451E-9,3.897865993968369E-8,8.437959964567341E-13,9.273137448411116E-10,7.521758299685547E-7,-2.6852039534497156E-9,-1.0552795531914224E-12,-1.2577382086349083E-9,-7.781402308747621E-7,-1.5765071561671732E-9,-3.120526925605791E-13,-1.3430149102731272E-9,3.340470148459896E-8,7.559280415580442E-11,0.0,0.0,0.0,0.0,0.0,0.0,0.0,0.0,0.0,0.0,0.0,0.0,0.0,0.0,0.0,0.0,0.0,0.0,0.0,0.0
Code Mobility;nr_of_mobile_bytes;1.808124841857221E-14,-5.071666952229106E-12,-3.510123073119728E-9,-2.553172598939238E-7,-5.862089835914023E-8,7.950563145340836E-20,4.352514269654926E-19,-1.5458082529088823E-21,4.6152274356104234E-24,2.173608865087227E-11,6.492586066404694E-9,1.2367989289793421E-6,2.0861446893300634E-7,7.914514570657464E-12,5.153214482767568E-10,2.3404451793314763E-8,4.432445901121976E-7,1.1236831180052343E-11,1.4418682281529217E-8,1.2311972836506757E-5,-6.83582437628746E-8,-2.1994664074032352E-11,-2.244543028531525E-8,-1.2827985227899241E-5,-4.796722966071178E-8,-1.5665879778930665E-11,-3.2589594559307355E-8,1.1219557424926396E-6,1.9264762911547044E-9,0.0,0.0,0.0,0.0,0.0,0.0,0.0,0.0,0.0,0.0,0.0,0.0,0.0,0.0,0.0,0.0,0.0,0.0,0.0,0.0
Code Mobility;nr_dst_oper_static;1.5824220940659049E-15,-1.3045359784897556E-13,-1.7620803440764416E-10,-2.177356143005945E-8,-6.366213462129103E-9,7.080730189684588E-21,1.855761851090581E-20,8.284585128774464E-22,1.0507358100041451E-25,1.5567052906934429E-12,4.696763216602782E-10,9.119816598950059E-8,1.4331492412841644E-8,5.76571268315035E-13,3.8938065308733E-11,1.8838902057093E-9,4.596217278654427E-8,1.0044029911761398E-12,1.0996522918603276E-9,8.900636894442621E-7,-6.867107108459282E-9,-1.233947411892921E-12,-1.475635542343899E-9,-9.135153771905324E-7,-5.289797432115467E-9,-3.38883009414172E-13,-1.525015594245821E-9,1.2950399482662122E-7,2.0201398596245574E-10,0.0,0.0,0.0,0.0,0.0,0.0,0.0,0.0,0.0,0.0,0.0,0.0,0.0,0.0,0.0,0.0,0.0,0.0,0.0,0.0
Static Remote Attestation;nr_of_blocks;7.246568115319355E-20,2.031156869436121E-17,5.7221487409289456E-15,1.4530519789121207E-12,2.437749426737078E-10,-2.118931917561146E-36,1.1652259101647004E-44,-3.7472173426807944E-60,5.460790310338327E-75,6.1451840898665455E-18,6.110994095390647E-16,6.943200210427002E-14,8.670491904737018E-12,9.569571060753397E-19,1.5698888073343047E-17,6.982136047875884E-17,-1.8545333071210494E-14,2.0379335375431598E-17,5.475918011284263E-15,1.0880474597789584E-12,-9.893921039314591E-11,2.0814541323848848E-17,5.6137480671538235E-15,1.0386528149213501E-12,-2.0854120802830546E-10,6.150534540784168E-17,5.050411501013702E-14,3.267168729421487E-11,2.3061000813784387E-12,0.0,0.0,0.0,0.0,0.0,0.0,0.0,0.0,0.0,0.0,0.0,0.0,0.0,0.0,0.0,0.0,0.0,0.0,0.0,0.0
Static Remote Attestation;nr_indirect_edges_CFIM_static;0.0,0.0,0.0,0.0,0.0,0.0,0.0,0.0,0.0,0.0,0.0,0.0,0.0,0.0,0.0,0.0,0.0,0.0,0.0,0.0,0.0,0.0,0.0,0.0,0.0,0.0,0.0,0.0,0.0,0.0,0.0,0.0,0.0,0.0,0.0,0.0,0.0,0.0,0.0,0.0,0.0,0.0,0.0,0.0,0.0,0.0,0.0,0.0,0.0
Static Remote Attestation;nr_of_bytes_in_ads;4.090107954404152E-18,1.146426387875146E-15,3.2297002986486946E-13,8.201328945900634E-11,1.375916706801229E-8,-4.344781168934446E-35,3.3636326423010512E-43,-5.37868605644022E-58,-3.4732636112539394E-73,3.468470674617029E-16,3.44917273996082E-14,3.918887258632062E-12,4.893806778110969E-10,5.401267249740496E-17,8.860780401672775E-16,3.9408634560568954E-15,-1.0467373441274782E-12,1.1502522596709473E-15,3.090722530517523E-13,6.141167181837166E-11,-5.584335741994314E-9,1.1748161982014048E-15,3.168516693533208E-13,5.862373486550851E-11,-1.1770501473013909E-8,3.4714901918861576E-15,2.8505577662122346E-12,1.8440582897657439E-9,1.3016110658129133E-10,0.0,0.0,0.0,0.0,0.0,0.0,0.0,0.0,0.0,0.0,0.0,0.0,0.0,0.0,0.0,0.0,0.0,0.0,0.0,0.0
Static Remote Attestation;nr_of_mobile_blocks;0.0,0.0,0.0,0.0,0.0,0.0,0.0,0.0,0.0,0.0,0.0,0.0,0.0,0.0,0.0,0.0,0.0,0.0,0.0,0.0,0.0,0.0,0.0,0.0,0.0,0.0,0.0,0.0,0.0,0.0,0.0,0.0,0.0,0.0,0.0,0.0,0.0,0.0,0.0,0.0,0.0,0.0,0.0,0.0,0.0,0.0,0.0,0.0,0.0
Static Remote Attestation;nr_ins_static;1.3042723860564709E-17,3.6378315123151426E-15,1.0221475703276354E-12,2.596343301718273E-10,4.409072152930553E-8,-1.4908109338302054E-34,1.3582663980092573E-42,-6.0848521108565336E-58,-9.276929505126628E-73,1.0468146301601669E-15,9.504153597777017E-14,9.434766078107482E-12,9.709552442817148E-10,1.5526718930710498E-16,1.9310964201510073E-15,-2.8875365959699924E-14,-5.223267893967137E-12,3.622993978986409E-15,9.564191814622579E-13,1.8077940711092618E-10,-2.495856331520768E-8,3.74761810127297E-15,1.0180692459977342E-12,1.9524359926351119E-10,-3.092074579254606E-8,1.1008430030573816E-14,9.003372225867847E-12,5.806445270886707E-9,4.110058732078465E-10,0.0,0.0,0.0,0.0,0.0,0.0,0.0,0.0,0.0,0.0,0.0,0.0,0.0,0.0,0.0,0.0,0.0,0.0,0.0,0.0
Static Remote Attestation;cyclomatic_complexity_static;3.3455604977654013E-19,9.514256692336997E-17,2.7009591522959614E-14,6.852901734440353E-12,1.1090266884606814E-9,-4.286650602774193E-36,7.958452310105943E-44,-4.10809829926803E-59,-4.658564469715644E-74,3.289391302279597E-17,3.962875503733039E-15,5.544080988284278E-13,8.506094936458398E-11,5.7141386849776694E-18,1.4079346302863254E-16,3.4875602127613115E-15,5.838151833182432E-14,9.752062084080013E-17,2.7508089887725357E-14,6.172876314235812E-12,8.940428578677008E-11,9.599408202843712E-17,2.5330486284055148E-14,4.1610999477426735E-12,-1.4678825521597999E-9,2.886568500632589E-16,2.397771706128018E-13,1.564848968331594E-10,1.1519735903114342E-11,0.0,0.0,0.0,0.0,0.0,0.0,0.0,0.0,0.0,0.0,0.0,0.0,0.0,0.0,0.0,0.0,0.0,0.0,0.0,0.0
Static Remote Attestation;nr_src_oper_static;1.346132501188055E-17,3.7509454852415926E-15,1.053378028944074E-12,2.675827063094683E-10,4.554974260984121E-8,-5.869964025939129E-35,1.0026302500726543E-42,-2.5026448231992877E-57,-1.2083529477204635E-72,1.068357766121354E-15,9.504918777912867E-14,9.114243255287936E-12,8.820881420237313E-10,1.5679599656983107E-16,1.8109827905277487E-15,-3.823908419443988E-14,-5.774754316597841E-12,3.730127297168868E-15,9.811811189933822E-13,1.83517677071952E-10,-2.721541829881935E-8,3.868176162885595E-15,1.0523105745386987E-12,2.0320072113798076E-10,-3.056674382798868E-8,1.134923514172362E-14,9.274730438561546E-12,5.977764388261733E-9,4.2933298753671123E-10,0.0,0.0,0.0,0.0,0.0,0.0,0.0,0.0,0.0,0.0,0.0,0.0,0.0,0.0,0.0,0.0,0.0,0.0,0.0,0.0
Static Remote Attestation;halstead_program_size_static;4.005921496128141E-17,1.1174535254030362E-14,3.139997486403505E-12,7.975808401785298E-10,1.3540315660980337E-7,-1.1220526510840064E-34,9.733568985465083E-42,-5.636962835190501E-57,-1.5484783335135233E-72,3.2196830251234103E-15,2.9304942907139405E-13,2.921141763633456E-11,3.0271650074063432E-9,4.781751773140879E-16,5.9993896879582685E-15,-8.552495669938174E-14,-1.5898782497177226E-11,1.1131030882075251E-14,2.939754320332379E-12,5.563914690422875E-10,-7.611146316609475E-8,1.1510266334864155E-14,3.126293938307087E-12,5.990344753488109E-10,-9.5473893971426E-8,3.381579521173177E-14,2.7659406744498263E-11,1.7839461655554552E-8,1.274421203960548E-9,0.0,0.0,0.0,0.0,0.0,0.0,0.0,0.0,0.0,0.0,0.0,0.0,0.0,0.0,0.0,0.0,0.0,0.0,0.0,0.0
Static Remote Attestation;nr_edges_static;3.5078653202070306E-18,9.878032827648902E-16,2.789717704503646E-13,7.082130252790706E-11,1.1745602752007124E-8,-4.311332880025406E-35,8.237916651618479E-43,-5.697752308141359E-58,-1.2568900506702602E-73,3.1258684395193793E-16,3.3396477220235985E-14,4.1424920441057295E-12,5.701952416380306E-10,5.065490644928937E-17,9.882289419394365E-16,1.3956924399846448E-14,-4.165293242937828E-13,9.979857854204306E-16,2.7251694594296313E-13,5.6511125224788164E-11,-2.964259229093175E-9,1.0072375790776013E-15,2.6978572501408445E-13,4.815942335225449E-11,-1.1782832156686075E-8,2.9930228838966346E-15,2.4668655582510832E-12,1.6004217274653358E-9,1.123294034256458E-10,0.0,0.0,0.0,0.0,0.0,0.0,0.0,0.0,0.0,0.0,0.0,0.0,0.0,0.0,0.0,0.0,0.0,0.0,0.0,0.0
Static Remote Attestation;nr_of_mobile_bytes;0.0,0.0,0.0,0.0,0.0,0.0,0.0,0.0,0.0,0.0,0.0,0.0,0.0,0.0,0.0,0.0,0.0,0.0,0.0,0.0,0.0,0.0,0.0,0.0,0.0,0.0,0.0,0.0,0.0,0.0,0.0,0.0,0.0,0.0,0.0,0.0,0.0,0.0,0.0,0.0,0.0,0.0,0.0,0.0,0.0,0.0,0.0,0.0,0.0
Static Remote Attestation;nr_dst_oper_static;1.2971595364678484E-17,3.623007951532128E-15,1.018737964642854E-12,2.5874708987463506E-10,4.3790662784687136E-8,-1.5112608486612529E-34,1.6607933343557885E-42,-1.5062800821221857E-57,4.758520961305022E-73,1.0576094617192067E-15,9.868757322569138E-14,1.0236339867299581E-11,1.129913216298226E-9,1.5914873013013371E-16,2.1697504855499076E-15,-1.7173274492587546E-14,-4.669584972893472E-12,3.6157831080462455E-15,9.593321939617091E-13,1.8398779801718678E-10,-2.2830407614148998E-8,3.726831971031007E-15,1.0103829048186973E-12,1.9186722527013863E-10,-3.25945398136937E-8,1.0965608960676623E-14,8.978442349148721E-12,5.795414977374879E-9,4.155220470042324E-10,0.0,0.0,0.0,0.0,0.0,0.0,0.0,0.0,0.0,0.0,0.0,0.0,0.0,0.0,0.0,0.0,0.0,0.0,0.0,0.0
Static Remote Attestation;nr_of_guarded_bytes;5.304852830726622E-17,1.479625728027582E-14,4.157414411661113E-12,1.0560192453882321E-9,1.793316409549998E-7,3.2509812114393155E-34,9.323435968987868E-42,-7.564499677682123E-57,-2.286949855232074E-72,4.257740915640489E-15,3.865655633794627E-13,3.837433419424249E-11,3.949198180731662E-9,6.315092308229848E-16,7.854412610723051E-15,-1.1744572443361438E-13,-2.1244769195943E-11,1.4735922438483596E-14,3.890075174683748E-12,7.352900248303271E-10,-1.0151478496920894E-7,1.5242810543278786E-14,4.140826508434929E-12,7.941207090165059E-10,-1.2576496573843818E-7,4.4774949627809026E-14,3.661971179822784E-11,2.3616745710374012E-8,1.6716976980101821E-9,0.0,0.0,0.0,0.0,0.0,0.0,0.0,0.0,0.0,0.0,0.0,0.0,0.0,0.0,0.0,0.0,0.0,0.0,0.0,0.0
Tigress Source Code Control Flow Flattening;nr_indirect_edges_CFIM_static;0.0,0.0,0.0,0.0,0.0,0.0,0.0,0.0,0.0,0.0,0.0,0.0,0.0,0.0,0.0,0.0,0.0,0.0,0.0,0.0,0.0,0.0,0.0,0.0,0.0,0.0,0.0,0.0,0.0,0.0,0.0,0.0,0.0,0.0,0.0,0.0,0.0,0.0,0.0,0.0,0.0,0.0,0.0,0.0,0.0,0.0,0.0,0.0,0.0
Tigress Source Code Control Flow Flattening;nr_ins_static;-5.393617534540999E-17,3.4458050497076096E-14,2.304486328195126E-11,5.030047684796701E-9,-5.928300347436796E-9,4.2252645621095595E-22,-1.282597874234646E-21,-9.658491704758066E-23,1.6951723981854838E-26,-8.694518070058768E-14,-2.6396659545629113E-11,-5.033829354327175E-9,1.8723488975935267E-8,-3.2354991692102887E-14,-2.1236617906253316E-12,-9.641936357538067E-11,-1.789294893917966E-9,-3.2572151339734275E-14,-5.120570499582612E-11,-4.697290615154892E-8,-5.9033600931208225E-9,1.0724444325072723E-13,1.0396295777147376E-10,5.88823821758358E-8,-5.203219225570271E-9,1.0906527510185081E-13,2.1882191037999633E-10,1.1819556810385387E-7,1.845919946480491E-10,0.0,0.0,0.0,0.0,0.0,0.0,0.0,0.0,0.0,0.0,0.0,0.0,0.0,0.0,0.0,0.0,0.0,0.0,0.0,0.0
Tigress Source Code Control Flow Flattening;nr_src_oper_static;-9.54252450063678E-16,2.890474734598608E-13,2.0388004124934764E-10,1.9873168479361868E-8,-6.345342311130228E-9,3.78039606820534E-21,-3.9041861901528307E-20,-3.6905694059039838E-22,1.0240723057511961E-25,-1.1784462482173958E-12,-3.5265009009169897E-10,-6.718212523305119E-8,2.1106336345550272E-8,-4.301639009627345E-13,-2.8033304923648018E-11,-1.2730925414011231E-9,-2.4047509268761407E-8,-5.905853206895642E-13,-7.720201144915327E-10,-6.641255552372605E-7,-5.7464843595124E-9,1.2214957392842588E-12,1.2383296216176838E-9,7.069121842201431E-7,-5.583615888659493E-9,9.192451207918202E-13,1.9002385632423406E-9,1.2370495136729894E-7,1.902146104078207E-10,0.0,0.0,0.0,0.0,0.0,0.0,0.0,0.0,0.0,0.0,0.0,0.0,0.0,0.0,0.0,0.0,0.0,0.0,0.0,0.0
Tigress Source Code Control Flow Flattening;halstead_program_size_static;-1.0338253923984816E-16,9.015794909297598E-14,5.948833350885753E-11,1.4841935827483027E-8,-1.8926211491196356E-8,-9.415531539426537E-23,-5.196700889278134E-21,-1.5338848428799978E-22,-1.273537785216734E-26,-1.936734489355485E-13,-5.918761811941214E-11,-1.1294009287683704E-8,5.780240701445255E-8,-7.270049205501844E-14,-4.787103141402679E-12,-2.1734823014589238E-10,-4.005287252252868E-9,-6.134805914860992E-14,-1.0818865958948974E-10,-1.0255550826274162E-7,-1.818687862386193E-8,2.563168534151889E-13,2.4441117664773587E-10,1.3801904691357336E-7,-1.5953847066509357E-8,2.8493771799977494E-13,5.675584698058649E-10,3.7461915008213593E-7,5.723094379269088E-10,0.0,0.0,0.0,0.0,0.0,0.0,0.0,0.0,0.0,0.0,0.0,0.0,0.0,0.0,0.0,0.0,0.0,0.0,0.0,0.0
Tigress Source Code Control Flow Flattening;cyclomatic_complexity_static;2.5478125962118223E-16,-1.5273316039653918E-13,-8.628916585406152E-11,-6.444905120041723E-9,-7.740155764850444E-10,-1.5614012776178637E-22,6.114700253998784E-21,8.313609995571088E-23,-3.630049412052307E-25,4.794311606112514E-13,1.4670292009889492E-10,2.8147976312092003E-8,2.9374296689084196E-9,1.7698667818341038E-13,1.1694107209157438E-11,5.338424604984409E-10,1.015484479320868E-8,2.1903940421369187E-13,3.2203368887099325E-10,2.80877923455197E-7,-7.501011657696409E-10,-5.344660179154686E-13,-5.190982448526257E-10,-2.9412484877554485E-7,-3.522398361554516E-10,-4.60564876095531E-13,-8.032021304822778E-10,8.461189846199503E-9,2.0943625159524728E-11,0.0,0.0,0.0,0.0,0.0,0.0,0.0,0.0,0.0,0.0,0.0,0.0,0.0,0.0,0.0,0.0,0.0,0.0,0.0,0.0
Tigress Source Code Control Flow Flattening;nr_edges_static;1.232052537303785E-15,-3.4052460811003544E-13,-2.4240481899403203E-10,-1.8622854313290614E-8,-2.8119356832150694E-9,-3.963060393438014E-21,3.445295022523799E-20,4.344367476060536E-22,3.1096597923766484E-26,1.4846815686364056E-12,4.436193499044085E-10,8.451126883390436E-8,1.055939209299874E-8,5.408285896697281E-13,3.521874194887183E-11,1.5995644576089354E-9,3.0287804498845407E-8,7.639406081449236E-13,9.829905545956624E-10,8.403128632086462E-7,-3.0182284518525456E-9,-1.5078898908690665E-12,-1.537323767022509E-9,-8.784650899046863E-7,-1.754889780035049E-9,-1.0834614022897901E-12,-2.2520183815885264E-9,4.0435480532181085E-8,8.430169170247965E-11,0.0,0.0,0.0,0.0,0.0,0.0,0.0,0.0,0.0,0.0,0.0,0.0,0.0,0.0,0.0,0.0,0.0,0.0,0.0,0.0
Tigress Source Code Control Flow Flattening;nr_dst_oper_static;9.048060872339118E-16,-2.3313918914300717E-13,-1.6743643774879514E-10,-1.0061280340443145E-8,-6.652568819903509E-9,-5.198294381441125E-21,1.5258867127837693E-20,5.439638709064491E-22,7.902342524144871E-26,1.0717179811206355E-12,3.198591318512234E-10,6.092194536355417E-8,1.7972581655724667E-8,3.898184010084462E-13,2.536986359923457E-11,1.1521636760486448E-9,2.1831516933113436E-8,5.618094135176176E-13,7.150371606491873E-10,6.085429537514356E-7,-6.537034159383799E-9,-1.0724233301835514E-12,-1.0978814038679755E-9,-6.27775520147672E-7,-5.167011941071653E-9,-7.43372678502701E-13,-1.5515020052835331E-9,1.3271863060826415E-7,1.9750283243185246E-10,0.0,0.0,0.0,0.0,0.0,0.0,0.0,0.0,0.0,0.0,0.0,0.0,0.0,0.0,0.0,0.0,0.0,0.0,0.0,0.0
Tigress Source Code Opaque Predicates;nr_indirect_edges_CFIM_static;0.0,0.0,0.0,0.0,0.0,0.0,0.0,0.0,0.0,0.0,0.0,0.0,0.0,0.0,0.0,0.0,0.0,0.0,0.0,0.0,0.0,0.0,0.0,0.0,0.0,0.0,0.0,0.0,0.0,0.0,0.0,0.0,0.0,0.0,0.0,0.0,0.0,0.0,0.0,0.0,0.0,0.0,0.0,0.0,0.0,0.0,0.0,0.0,0.0
Tigress Source Code Opaque Predicates;nr_ins_static;-5.393617534540999E-17,3.4458050497076096E-14,2.304486328195126E-11,5.030047684796701E-9,-5.928300347436796E-9,4.2252645621095595E-22,-1.282597874234646E-21,-9.658491704758066E-23,1.6951723981854838E-26,-8.694518070058768E-14,-2.6396659545629113E-11,-5.033829354327175E-9,1.8723488975935267E-8,-3.2354991692102887E-14,-2.1236617906253316E-12,-9.641936357538067E-11,-1.789294893917966E-9,-3.2572151339734275E-14,-5.120570499582612E-11,-4.697290615154892E-8,-5.9033600931208225E-9,1.0724444325072723E-13,1.0396295777147376E-10,5.88823821758358E-8,-5.203219225570271E-9,1.0906527510185081E-13,2.1882191037999633E-10,1.1819556810385387E-7,1.845919946480491E-10,0.0,0.0,0.0,0.0,0.0,0.0,0.0,0.0,0.0,0.0,0.0,0.0,0.0,0.0,0.0,0.0,0.0,0.0,0.0,0.0
Tigress Source Code Opaque Predicates;nr_src_oper_static;-9.54252450063678E-16,2.890474734598608E-13,2.0388004124934764E-10,1.9873168479361868E-8,-6.345342311130228E-9,3.78039606820534E-21,-3.9041861901528307E-20,-3.6905694059039838E-22,1.0240723057511961E-25,-1.1784462482173958E-12,-3.5265009009169897E-10,-6.718212523305119E-8,2.1106336345550272E-8,-4.301639009627345E-13,-2.8033304923648018E-11,-1.2730925414011231E-9,-2.4047509268761407E-8,-5.905853206895642E-13,-7.720201144915327E-10,-6.641255552372605E-7,-5.7464843595124E-9,1.2214957392842588E-12,1.2383296216176838E-9,7.069121842201431E-7,-5.583615888659493E-9,9.192451207918202E-13,1.9002385632423406E-9,1.2370495136729894E-7,1.902146104078207E-10,0.0,0.0,0.0,0.0,0.0,0.0,0.0,0.0,0.0,0.0,0.0,0.0,0.0,0.0,0.0,0.0,0.0,0.0,0.0,0.0
Tigress Source Code Opaque Predicates;halstead_program_size_static;-1.0338253923984816E-16,9.015794909297598E-14,5.948833350885753E-11,1.4841935827483027E-8,-1.8926211491196356E-8,-9.415531539426537E-23,-5.196700889278134E-21,-1.5338848428799978E-22,-1.273537785216734E-26,-1.936734489355485E-13,-5.918761811941214E-11,-1.1294009287683704E-8,5.780240701445255E-8,-7.270049205501844E-14,-4.787103141402679E-12,-2.1734823014589238E-10,-4.005287252252868E-9,-6.134805914860992E-14,-1.0818865958948974E-10,-1.0255550826274162E-7,-1.818687862386193E-8,2.563168534151889E-13,2.4441117664773587E-10,1.3801904691357336E-7,-1.5953847066509357E-8,2.8493771799977494E-13,5.675584698058649E-10,3.7461915008213593E-7,5.723094379269088E-10,0.0,0.0,0.0,0.0,0.0,0.0,0.0,0.0,0.0,0.0,0.0,0.0,0.0,0.0,0.0,0.0,0.0,0.0,0.0,0.0
Tigress Source Code Opaque Predicates;cyclomatic_complexity_static;2.5478125962118223E-16,-1.5273316039653918E-13,-8.628916585406152E-11,-6.444905120041723E-9,-7.740155764850444E-10,-1.5614012776178637E-22,6.114700253998784E-21,8.313609995571088E-23,-3.630049412052307E-25,4.794311606112514E-13,1.4670292009889492E-10,2.8147976312092003E-8,2.9374296689084196E-9,1.7698667818341038E-13,1.1694107209157438E-11,5.338424604984409E-10,1.015484479320868E-8,2.1903940421369187E-13,3.2203368887099325E-10,2.80877923455197E-7,-7.501011657696409E-10,-5.344660179154686E-13,-5.190982448526257E-10,-2.9412484877554485E-7,-3.522398361554516E-10,-4.60564876095531E-13,-8.032021304822778E-10,8.461189846199503E-9,2.0943625159524728E-11,0.0,0.0,0.0,0.0,0.0,0.0,0.0,0.0,0.0,0.0,0.0,0.0,0.0,0.0,0.0,0.0,0.0,0.0,0.0,0.0
Tigress Source Code Opaque Predicates;nr_edges_static;1.232052537303785E-15,-3.4052460811003544E-13,-2.4240481899403203E-10,-1.8622854313290614E-8,-2.8119356832150694E-9,-3.963060393438014E-21,3.445295022523799E-20,4.344367476060536E-22,3.1096597923766484E-26,1.4846815686364056E-12,4.436193499044085E-10,8.451126883390436E-8,1.055939209299874E-8,5.408285896697281E-13,3.521874194887183E-11,1.5995644576089354E-9,3.0287804498845407E-8,7.639406081449236E-13,9.829905545956624E-10,8.403128632086462E-7,-3.0182284518525456E-9,-1.5078898908690665E-12,-1.537323767022509E-9,-8.784650899046863E-7,-1.754889780035049E-9,-1.0834614022897901E-12,-2.2520183815885264E-9,4.0435480532181085E-8,8.430169170247965E-11,0.0,0.0,0.0,0.0,0.0,0.0,0.0,0.0,0.0,0.0,0.0,0.0,0.0,0.0,0.0,0.0,0.0,0.0,0.0,0.0
Tigress Source Code Opaque Predicates;nr_dst_oper_static;9.048060872339118E-16,-2.3313918914300717E-13,-1.6743643774879514E-10,-1.0061280340443145E-8,-6.652568819903509E-9,-5.198294381441125E-21,1.5258867127837693E-20,5.439638709064491E-22,7.902342524144871E-26,1.0717179811206355E-12,3.198591318512234E-10,6.092194536355417E-8,1.7972581655724667E-8,3.898184010084462E-13,2.536986359923457E-11,1.1521636760486448E-9,2.1831516933113436E-8,5.618094135176176E-13,7.150371606491873E-10,6.085429537514356E-7,-6.537034159383799E-9,-1.0724233301835514E-12,-1.0978814038679755E-9,-6.27775520147672E-7,-5.167011941071653E-9,-7.43372678502701E-13,-1.5515020052835331E-9,1.3271863060826415E-7,1.9750283243185246E-10,0.0,0.0,0.0,0.0,0.0,0.0,0.0,0.0,0.0,0.0,0.0,0.0,0.0,0.0,0.0,0.0,0.0,0.0,0.0,0.0
Tigress Source Code Literal Obfuscation;nr_indirect_edges_CFIM_static;0.0,0.0,0.0,0.0,0.0,0.0,0.0,0.0,0.0,0.0,0.0,0.0,0.0,0.0,0.0,0.0,0.0,0.0,0.0,0.0,0.0,0.0,0.0,0.0,0.0,0.0,0.0,0.0,0.0,0.0,0.0,0.0,0.0,0.0,0.0,0.0,0.0,0.0,0.0,0.0,0.0,0.0,0.0,0.0,0.0,0.0,0.0,0.0,0.0
Tigress Source Code Literal Obfuscation;nr_ins_static;-5.393617534540999E-17,3.4458050497076096E-14,2.304486328195126E-11,5.030047684796701E-9,-5.928300347436796E-9,4.2252645621095595E-22,-1.282597874234646E-21,-9.658491704758066E-23,1.6951723981854838E-26,-8.694518070058768E-14,-2.6396659545629113E-11,-5.033829354327175E-9,1.8723488975935267E-8,-3.2354991692102887E-14,-2.1236617906253316E-12,-9.641936357538067E-11,-1.789294893917966E-9,-3.2572151339734275E-14,-5.120570499582612E-11,-4.697290615154892E-8,-5.9033600931208225E-9,1.0724444325072723E-13,1.0396295777147376E-10,5.88823821758358E-8,-5.203219225570271E-9,1.0906527510185081E-13,2.1882191037999633E-10,1.1819556810385387E-7,1.845919946480491E-10,0.0,0.0,0.0,0.0,0.0,0.0,0.0,0.0,0.0,0.0,0.0,0.0,0.0,0.0,0.0,0.0,0.0,0.0,0.0,0.0
Tigress Source Code Literal Obfuscation;nr_src_oper_static;-9.54252450063678E-16,2.890474734598608E-13,2.0388004124934764E-10,1.9873168479361868E-8,-6.345342311130228E-9,3.78039606820534E-21,-3.9041861901528307E-20,-3.6905694059039838E-22,1.0240723057511961E-25,-1.1784462482173958E-12,-3.5265009009169897E-10,-6.718212523305119E-8,2.1106336345550272E-8,-4.301639009627345E-13,-2.8033304923648018E-11,-1.2730925414011231E-9,-2.4047509268761407E-8,-5.905853206895642E-13,-7.720201144915327E-10,-6.641255552372605E-7,-5.7464843595124E-9,1.2214957392842588E-12,1.2383296216176838E-9,7.069121842201431E-7,-5.583615888659493E-9,9.192451207918202E-13,1.9002385632423406E-9,1.2370495136729894E-7,1.902146104078207E-10,0.0,0.0,0.0,0.0,0.0,0.0,0.0,0.0,0.0,0.0,0.0,0.0,0.0,0.0,0.0,0.0,0.0,0.0,0.0,0.0
Tigress Source Code Literal Obfuscation;halstead_program_size_static;-1.0338253923984816E-16,9.015794909297598E-14,5.948833350885753E-11,1.4841935827483027E-8,-1.8926211491196356E-8,-9.415531539426537E-23,-5.196700889278134E-21,-1.5338848428799978E-22,-1.273537785216734E-26,-1.936734489355485E-13,-5.918761811941214E-11,-1.1294009287683704E-8,5.780240701445255E-8,-7.270049205501844E-14,-4.787103141402679E-12,-2.1734823014589238E-10,-4.005287252252868E-9,-6.134805914860992E-14,-1.0818865958948974E-10,-1.0255550826274162E-7,-1.818687862386193E-8,2.563168534151889E-13,2.4441117664773587E-10,1.3801904691357336E-7,-1.5953847066509357E-8,2.8493771799977494E-13,5.675584698058649E-10,3.7461915008213593E-7,5.723094379269088E-10,0.0,0.0,0.0,0.0,0.0,0.0,0.0,0.0,0.0,0.0,0.0,0.0,0.0,0.0,0.0,0.0,0.0,0.0,0.0,0.0
Tigress Source Code Literal Obfuscation;cyclomatic_complexity_static;2.5478125962118223E-16,-1.5273316039653918E-13,-8.628916585406152E-11,-6.444905120041723E-9,-7.740155764850444E-10,-1.5614012776178637E-22,6.114700253998784E-21,8.313609995571088E-23,-3.630049412052307E-25,4.794311606112514E-13,1.4670292009889492E-10,2.8147976312092003E-8,2.9374296689084196E-9,1.7698667818341038E-13,1.1694107209157438E-11,5.338424604984409E-10,1.015484479320868E-8,2.1903940421369187E-13,3.2203368887099325E-10,2.80877923455197E-7,-7.501011657696409E-10,-5.344660179154686E-13,-5.190982448526257E-10,-2.9412484877554485E-7,-3.522398361554516E-10,-4.60564876095531E-13,-8.032021304822778E-10,8.461189846199503E-9,2.0943625159524728E-11,0.0,0.0,0.0,0.0,0.0,0.0,0.0,0.0,0.0,0.0,0.0,0.0,0.0,0.0,0.0,0.0,0.0,0.0,0.0,0.0
Tigress Source Code Literal Obfuscation;nr_edges_static;1.232052537303785E-15,-3.4052460811003544E-13,-2.4240481899403203E-10,-1.8622854313290614E-8,-2.8119356832150694E-9,-3.963060393438014E-21,3.445295022523799E-20,4.344367476060536E-22,3.1096597923766484E-26,1.4846815686364056E-12,4.436193499044085E-10,8.451126883390436E-8,1.055939209299874E-8,5.408285896697281E-13,3.521874194887183E-11,1.5995644576089354E-9,3.0287804498845407E-8,7.639406081449236E-13,9.829905545956624E-10,8.403128632086462E-7,-3.0182284518525456E-9,-1.5078898908690665E-12,-1.537323767022509E-9,-8.784650899046863E-7,-1.754889780035049E-9,-1.0834614022897901E-12,-2.2520183815885264E-9,4.0435480532181085E-8,8.430169170247965E-11,0.0,0.0,0.0,0.0,0.0,0.0,0.0,0.0,0.0,0.0,0.0,0.0,0.0,0.0,0.0,0.0,0.0,0.0,0.0,0.0
Tigress Source Code Literal Obfuscation;nr_dst_oper_static;9.048060872339118E-16,-2.3313918914300717E-13,-1.6743643774879514E-10,-1.0061280340443145E-8,-6.652568819903509E-9,-5.198294381441125E-21,1.5258867127837693E-20,5.439638709064491E-22,7.902342524144871E-26,1.0717179811206355E-12,3.198591318512234E-10,6.092194536355417E-8,1.7972581655724667E-8,3.898184010084462E-13,2.536986359923457E-11,1.1521636760486448E-9,2.1831516933113436E-8,5.618094135176176E-13,7.150371606491873E-10,6.085429537514356E-7,-6.537034159383799E-9,-1.0724233301835514E-12,-1.0978814038679755E-9,-6.27775520147672E-7,-5.167011941071653E-9,-7.43372678502701E-13,-1.5515020052835331E-9,1.3271863060826415E-7,1.9750283243185246E-10,0.0,0.0,0.0,0.0,0.0,0.0,0.0,0.0,0.0,0.0,0.0,0.0,0.0,0.0,0.0,0.0,0.0,0.0,0.0,0.0
Tigress Source Code Variable Obfuscation;nr_indirect_edges_CFIM_static;0.0,0.0,0.0,0.0,0.0,0.0,0.0,0.0,0.0,0.0,0.0,0.0,0.0,0.0,0.0,0.0,0.0,0.0,0.0,0.0,0.0,0.0,0.0,0.0,0.0,0.0,0.0,0.0,0.0,0.0,0.0,0.0,0.0,0.0,0.0,0.0,0.0,0.0,0.0,0.0,0.0,0.0,0.0,0.0,0.0,0.0,0.0,0.0,0.0
Tigress Source Code Variable Obfuscation;nr_ins_static;-5.393617534540999E-17,3.4458050497076096E-14,2.304486328195126E-11,5.030047684796701E-9,-5.928300347436796E-9,4.2252645621095595E-22,-1.282597874234646E-21,-9.658491704758066E-23,1.6951723981854838E-26,-8.694518070058768E-14,-2.6396659545629113E-11,-5.033829354327175E-9,1.8723488975935267E-8,-3.2354991692102887E-14,-2.1236617906253316E-12,-9.641936357538067E-11,-1.789294893917966E-9,-3.2572151339734275E-14,-5.120570499582612E-11,-4.697290615154892E-8,-5.9033600931208225E-9,1.0724444325072723E-13,1.0396295777147376E-10,5.88823821758358E-8,-5.203219225570271E-9,1.0906527510185081E-13,2.1882191037999633E-10,1.1819556810385387E-7,1.845919946480491E-10,0.0,0.0,0.0,0.0,0.0,0.0,0.0,0.0,0.0,0.0,0.0,0.0,0.0,0.0,0.0,0.0,0.0,0.0,0.0,0.0
Tigress Source Code Variable Obfuscation;nr_src_oper_static;-9.54252450063678E-16,2.890474734598608E-13,2.0388004124934764E-10,1.9873168479361868E-8,-6.345342311130228E-9,3.78039606820534E-21,-3.9041861901528307E-20,-3.6905694059039838E-22,1.0240723057511961E-25,-1.1784462482173958E-12,-3.5265009009169897E-10,-6.718212523305119E-8,2.1106336345550272E-8,-4.301639009627345E-13,-2.8033304923648018E-11,-1.2730925414011231E-9,-2.4047509268761407E-8,-5.905853206895642E-13,-7.720201144915327E-10,-6.641255552372605E-7,-5.7464843595124E-9,1.2214957392842588E-12,1.2383296216176838E-9,7.069121842201431E-7,-5.583615888659493E-9,9.192451207918202E-13,1.9002385632423406E-9,1.2370495136729894E-7,1.902146104078207E-10,0.0,0.0,0.0,0.0,0.0,0.0,0.0,0.0,0.0,0.0,0.0,0.0,0.0,0.0,0.0,0.0,0.0,0.0,0.0,0.0
Tigress Source Code Variable Obfuscation;halstead_program_size_static;-1.0338253923984816E-16,9.015794909297598E-14,5.948833350885753E-11,1.4841935827483027E-8,-1.8926211491196356E-8,-9.415531539426537E-23,-5.196700889278134E-21,-1.5338848428799978E-22,-1.273537785216734E-26,-1.936734489355485E-13,-5.918761811941214E-11,-1.1294009287683704E-8,5.780240701445255E-8,-7.270049205501844E-14,-4.787103141402679E-12,-2.1734823014589238E-10,-4.005287252252868E-9,-6.134805914860992E-14,-1.0818865958948974E-10,-1.0255550826274162E-7,-1.818687862386193E-8,2.563168534151889E-13,2.4441117664773587E-10,1.3801904691357336E-7,-1.5953847066509357E-8,2.8493771799977494E-13,5.675584698058649E-10,3.7461915008213593E-7,5.723094379269088E-10,0.0,0.0,0.0,0.0,0.0,0.0,0.0,0.0,0.0,0.0,0.0,0.0,0.0,0.0,0.0,0.0,0.0,0.0,0.0,0.0
Tigress Source Code Variable Obfuscation;cyclomatic_complexity_static;2.5478125962118223E-16,-1.5273316039653918E-13,-8.628916585406152E-11,-6.444905120041723E-9,-7.740155764850444E-10,-1.5614012776178637E-22,6.114700253998784E-21,8.313609995571088E-23,-3.630049412052307E-25,4.794311606112514E-13,1.4670292009889492E-10,2.8147976312092003E-8,2.9374296689084196E-9,1.7698667818341038E-13,1.1694107209157438E-11,5.338424604984409E-10,1.015484479320868E-8,2.1903940421369187E-13,3.2203368887099325E-10,2.80877923455197E-7,-7.501011657696409E-10,-5.344660179154686E-13,-5.190982448526257E-10,-2.9412484877554485E-7,-3.522398361554516E-10,-4.60564876095531E-13,-8.032021304822778E-10,8.461189846199503E-9,2.0943625159524728E-11,0.0,0.0,0.0,0.0,0.0,0.0,0.0,0.0,0.0,0.0,0.0,0.0,0.0,0.0,0.0,0.0,0.0,0.0,0.0,0.0
Tigress Source Code Variable Obfuscation;nr_edges_static;1.232052537303785E-15,-3.4052460811003544E-13,-2.4240481899403203E-10,-1.8622854313290614E-8,-2.8119356832150694E-9,-3.963060393438014E-21,3.445295022523799E-20,4.344367476060536E-22,3.1096597923766484E-26,1.4846815686364056E-12,4.436193499044085E-10,8.451126883390436E-8,1.055939209299874E-8,5.408285896697281E-13,3.521874194887183E-11,1.5995644576089354E-9,3.0287804498845407E-8,7.639406081449236E-13,9.829905545956624E-10,8.403128632086462E-7,-3.0182284518525456E-9,-1.5078898908690665E-12,-1.537323767022509E-9,-8.784650899046863E-7,-1.754889780035049E-9,-1.0834614022897901E-12,-2.2520183815885264E-9,4.0435480532181085E-8,8.430169170247965E-11,0.0,0.0,0.0,0.0,0.0,0.0,0.0,0.0,0.0,0.0,0.0,0.0,0.0,0.0,0.0,0.0,0.0,0.0,0.0,0.0
Tigress Source Code Variable Obfuscation;nr_dst_oper_static;9.048060872339118E-16,-2.3313918914300717E-13,-1.6743643774879514E-10,-1.0061280340443145E-8,-6.652568819903509E-9,-5.198294381441125E-21,1.5258867127837693E-20,5.439638709064491E-22,7.902342524144871E-26,1.0717179811206355E-12,3.198591318512234E-10,6.092194536355417E-8,1.7972581655724667E-8,3.898184010084462E-13,2.536986359923457E-11,1.1521636760486448E-9,2.1831516933113436E-8,5.618094135176176E-13,7.150371606491873E-10,6.085429537514356E-7,-6.537034159383799E-9,-1.0724233301835514E-12,-1.0978814038679755E-9,-6.27775520147672E-7,-5.167011941071653E-9,-7.43372678502701E-13,-1.5515020052835331E-9,1.3271863060826415E-7,1.9750283243185246E-10,0.0,0.0,0.0,0.0,0.0,0.0,0.0,0.0,0.0,0.0,0.0,0.0,0.0,0.0,0.0,0.0,0.0,0.0,0.0,0.0
Tigress Source Code Virtualization;nr_indirect_edges_CFIM_static;0.0,0.0,0.0,0.0,0.0,0.0,0.0,0.0,0.0,0.0,0.0,0.0,0.0,0.0,0.0,0.0,0.0,0.0,0.0,0.0,0.0,0.0,0.0,0.0,0.0,0.0,0.0,0.0,0.0,0.0,0.0,0.0,0.0,0.0,0.0,0.0,0.0,0.0,0.0,0.0,0.0,0.0,0.0,0.0,0.0,0.0,0.0,0.0,0.0
Tigress Source Code Virtualization;nr_ins_static;-5.393617534540999E-17,3.4458050497076096E-14,2.304486328195126E-11,5.030047684796701E-9,-5.928300347436796E-9,4.2252645621095595E-22,-1.282597874234646E-21,-9.658491704758066E-23,1.6951723981854838E-26,-8.694518070058768E-14,-2.6396659545629113E-11,-5.033829354327175E-9,1.8723488975935267E-8,-3.2354991692102887E-14,-2.1236617906253316E-12,-9.641936357538067E-11,-1.789294893917966E-9,-3.2572151339734275E-14,-5.120570499582612E-11,-4.697290615154892E-8,-5.9033600931208225E-9,1.0724444325072723E-13,1.0396295777147376E-10,5.88823821758358E-8,-5.203219225570271E-9,1.0906527510185081E-13,2.1882191037999633E-10,1.1819556810385387E-7,1.845919946480491E-10,0.0,0.0,0.0,0.0,0.0,0.0,0.0,0.0,0.0,0.0,0.0,0.0,0.0,0.0,0.0,0.0,0.0,0.0,0.0,0.0
Tigress Source Code Virtualization;nr_src_oper_static;-9.54252450063678E-16,2.890474734598608E-13,2.0388004124934764E-10,1.9873168479361868E-8,-6.345342311130228E-9,3.78039606820534E-21,-3.9041861901528307E-20,-3.6905694059039838E-22,1.0240723057511961E-25,-1.1784462482173958E-12,-3.5265009009169897E-10,-6.718212523305119E-8,2.1106336345550272E-8,-4.301639009627345E-13,-2.8033304923648018E-11,-1.2730925414011231E-9,-2.4047509268761407E-8,-5.905853206895642E-13,-7.720201144915327E-10,-6.641255552372605E-7,-5.7464843595124E-9,1.2214957392842588E-12,1.2383296216176838E-9,7.069121842201431E-7,-5.583615888659493E-9,9.192451207918202E-13,1.9002385632423406E-9,1.2370495136729894E-7,1.902146104078207E-10,0.0,0.0,0.0,0.0,0.0,0.0,0.0,0.0,0.0,0.0,0.0,0.0,0.0,0.0,0.0,0.0,0.0,0.0,0.0,0.0
Tigress Source Code Virtualization;halstead_program_size_static;-1.0338253923984816E-16,9.015794909297598E-14,5.948833350885753E-11,1.4841935827483027E-8,-1.8926211491196356E-8,-9.415531539426537E-23,-5.196700889278134E-21,-1.5338848428799978E-22,-1.273537785216734E-26,-1.936734489355485E-13,-5.918761811941214E-11,-1.1294009287683704E-8,5.780240701445255E-8,-7.270049205501844E-14,-4.787103141402679E-12,-2.1734823014589238E-10,-4.005287252252868E-9,-6.134805914860992E-14,-1.0818865958948974E-10,-1.0255550826274162E-7,-1.818687862386193E-8,2.563168534151889E-13,2.4441117664773587E-10,1.3801904691357336E-7,-1.5953847066509357E-8,2.8493771799977494E-13,5.675584698058649E-10,3.7461915008213593E-7,5.723094379269088E-10,0.0,0.0,0.0,0.0,0.0,0.0,0.0,0.0,0.0,0.0,0.0,0.0,0.0,0.0,0.0,0.0,0.0,0.0,0.0,0.0
Tigress Source Code Virtualization;cyclomatic_complexity_static;2.5478125962118223E-16,-1.5273316039653918E-13,-8.628916585406152E-11,-6.444905120041723E-9,-7.740155764850444E-10,-1.5614012776178637E-22,6.114700253998784E-21,8.313609995571088E-23,-3.630049412052307E-25,4.794311606112514E-13,1.4670292009889492E-10,2.8147976312092003E-8,2.9374296689084196E-9,1.7698667818341038E-13,1.1694107209157438E-11,5.338424604984409E-10,1.015484479320868E-8,2.1903940421369187E-13,3.2203368887099325E-10,2.80877923455197E-7,-7.501011657696409E-10,-5.344660179154686E-13,-5.190982448526257E-10,-2.9412484877554485E-7,-3.522398361554516E-10,-4.60564876095531E-13,-8.032021304822778E-10,8.461189846199503E-9,2.0943625159524728E-11,0.0,0.0,0.0,0.0,0.0,0.0,0.0,0.0,0.0,0.0,0.0,0.0,0.0,0.0,0.0,0.0,0.0,0.0,0.0,0.0
Tigress Source Code Virtualization;nr_edges_static;1.232052537303785E-15,-3.4052460811003544E-13,-2.4240481899403203E-10,-1.8622854313290614E-8,-2.8119356832150694E-9,-3.963060393438014E-21,3.445295022523799E-20,4.344367476060536E-22,3.1096597923766484E-26,1.4846815686364056E-12,4.436193499044085E-10,8.451126883390436E-8,1.055939209299874E-8,5.408285896697281E-13,3.521874194887183E-11,1.5995644576089354E-9,3.0287804498845407E-8,7.639406081449236E-13,9.829905545956624E-10,8.403128632086462E-7,-3.0182284518525456E-9,-1.5078898908690665E-12,-1.537323767022509E-9,-8.784650899046863E-7,-1.754889780035049E-9,-1.0834614022897901E-12,-2.2520183815885264E-9,4.0435480532181085E-8,8.430169170247965E-11,0.0,0.0,0.0,0.0,0.0,0.0,0.0,0.0,0.0,0.0,0.0,0.0,0.0,0.0,0.0,0.0,0.0,0.0,0.0,0.0
Tigress Source Code Virtualization;nr_dst_oper_static;9.048060872339118E-16,-2.3313918914300717E-13,-1.6743643774879514E-10,-1.0061280340443145E-8,-6.652568819903509E-9,-5.198294381441125E-21,1.5258867127837693E-20,5.439638709064491E-22,7.902342524144871E-26,1.0717179811206355E-12,3.198591318512234E-10,6.092194536355417E-8,1.7972581655724667E-8,3.898184010084462E-13,2.536986359923457E-11,1.1521636760486448E-9,2.1831516933113436E-8,5.618094135176176E-13,7.150371606491873E-10,6.085429537514356E-7,-6.537034159383799E-9,-1.0724233301835514E-12,-1.0978814038679755E-9,-6.27775520147672E-7,-5.167011941071653E-9,-7.43372678502701E-13,-1.5515020052835331E-9,1.3271863060826415E-7,1.9750283243185246E-10,0.0,0.0,0.0,0.0,0.0,0.0,0.0,0.0,0.0,0.0,0.0,0.0,0.0,0.0,0.0,0.0,0.0,0.0,0.0,0.0